DateLocalPort,TimeLocalPort,FlightCode,FlightNumber,Movement,AircraftType,AircraftRegistration,Origin,Destination,FlightType,SeatingCapacity,TotalPassengers,Infants,TransitPax,TransferPax,POSCrew,OnCarriagePax,Exemptions,TotalPaxChargeable
2025-04-22,19:08:59,JQ,7330,L,Uni,Film.,REA,GOO,INT,349,152,45,1,8,7,48,17,431
2025-07-12,13:57:26,JQ,3491,D,Lik,Skill.,OWN,CAR,INT,406,384,47,17,23,5,20,3,241
2025-05-27,03:16:42,JQ,483,D,Put,Fund.,NOW,YEA,INT,241,122,33,4,19,9,14,1,16
2025-09-12,02:23:52,JQ,4344,D,Wif,Push.,HOW,STA,INT,204,228,2,0,17,1,5,5,212
2025-12-11,21:13:55,JQ,3110,L,Pas,Sort.,LIK,WEA,DOM,297,432,2,1,13,7,13,18,399
2025-02-26,17:01:35,JQ,2008,L,Doo,Help.,UPO,CAR,DOM,479,432,46,7,5,10,10,12,22
2025-07-04,23:48:42,JQ,8617,L,Tri,Trial.,WAL,LAY,INT,485,410,12,23,7,5,36,9,300
2025-07-08,03:40:24,JQ,2388,D,Sea,All.,PLA,IN.,INT,221,336,49,8,22,2,15,18,73
2025-11-28,22:26:07,JQ,8234,L,Fre,Task.,DAR,SHE,INT,437,270,29,8,25,1,17,2,62
2025-11-13,18:57:41,JQ,5774,D,Ris,Act.,ARE,WAR,DOM,394,221,33,14,14,2,4,10,167
2025-02-16,12:12:49,JQ,9346,L,Son,Tax.,AS.,LON,DOM,119,193,0,9,8,10,2,5,67
2025-07-20,10:25:51,JQ,2989,L,Hea,Cut.,SAF,YES,INT,186,15,43,25,2,4,1,11,113
2025-12-27,09:50:23,JQ,6609,L,Uni,Each.,SIG,OIL,INT,389,78,18,15,24,10,46,5,217
2025-04-28,14:32:02,JQ,4968,L,Red,Shake.,HOL,MAK,DOM,400,430,40,10,1,5,0,13,69
2025-09-20,02:54:35,JQ,3484,L,Yar,Many.,FIV,WAN,INT,187,106,45,14,15,1,3,17,279
2025-07-12,08:41:02,JQ,1069,L,Day,Last.,WOR,FLY,DOM,318,111,21,23,25,0,7,11,183
2025-08-14,22:39:49,JQ,4096,D,Loo,Thus.,OR.,TRI,INT,142,332,22,15,18,10,11,6,54
2025-04-01,04:13:35,JQ,2780,D,Ver,Exist.,ARM,NIC,DOM,146,216,41,9,19,2,17,14,494
2025-04-04,19:02:35,JQ,8289,D,Wor,Too.,PLA,THI,INT,169,10,44,14,9,9,32,19,453
2025-09-16,14:16:24,JQ,1065,L,We.,Cup.,ROL,BIL,DOM,177,344,20,4,19,3,28,11,76
2025-07-02,09:03:30,JQ,8841,D,Per,Hair.,SET,SID,INT,441,323,2,20,16,0,21,15,126
2025-07-09,05:14:07,JQ,5413,L,Six,Break.,BOT,OF.,DOM,321,305,47,19,21,8,3,4,72
2025-11-02,10:48:19,JQ,9003,L,Eve,Woman.,GAS,AT.,INT,278,109,4,15,17,3,0,18,16
2025-11-27,15:06:43,JQ,2049,L,Fea,Or.,RES,CAR,INT,430,53,28,13,0,7,11,18,355
2025-08-27,20:40:55,JQ,4610,D,Buy,Near.,GIV,HAV,DOM,322,60,7,23,3,3,38,9,111
2025-08-03,04:29:23,JQ,9282,D,Put,Avoid.,UP.,FRE,INT,395,66,6,20,6,0,49,14,320
2025-08-08,13:42:23,JQ,8906,L,Fil,Table.,BES,NOR,INT,238,489,35,14,5,1,22,12,479
2025-11-27,22:42:56,JQ,714,D,Ste,Turn.,SIX,TAS,DOM,232,256,4,9,20,7,19,1,78
2025-05-10,23:34:29,JQ,4407,L,Nam,Must.,SKI,STO,INT,171,221,39,2,16,3,9,5,497
2025-05-17,16:45:48,JQ,9571,D,Wea,Front.,BUT,YOU,INT,232,406,12,10,9,9,35,10,405
2025-10-07,13:43:40,JQ,6377,L,Wai,Idea.,HOP,NAM,DOM,259,302,17,2,1,3,43,19,65
2025-09-17,20:06:12,JQ,7720,D,Min,Which.,FIN,FAS,DOM,136,348,1,12,7,5,16,0,99
2025-04-16,20:19:39,JQ,1861,L,Hea,Best.,YEA,PUT,INT,135,500,27,14,23,6,48,13,422
2025-10-28,12:03:28,JQ,5432,D,Sid,Goal.,PAR,SEL,DOM,106,140,15,8,0,9,50,20,223
2025-02-24,19:35:50,JQ,2275,D,Buy,Nor.,ARM,CAR,DOM,442,67,11,6,0,2,39,2,156
2025-10-16,06:01:39,JQ,2200,L,Liv,Eight.,LAN,TYP,DOM,351,497,1,23,20,2,36,3,186
2025-04-30,01:22:59,JQ,5817,D,Sig,West.,ALL,SKI,INT,198,134,38,15,19,9,46,0,324
2025-06-03,19:27:40,JQ,9967,D,May,Give.,OF.,FAC,INT,139,134,11,3,21,0,45,0,362
2025-01-11,02:12:17,JQ,4586,L,Typ,Tell.,MUC,PM.,INT,358,453,1,22,14,0,47,1,278
2025-04-18,19:09:53,JQ,8176,L,Soo,Cut.,SEE,AGO,DOM,495,493,32,19,9,5,46,0,470
2025-12-31,15:04:25,JQ,9227,L,No.,Stop.,THU,PAS,DOM,425,82,50,12,6,2,48,3,296
2025-06-18,20:15:38,JQ,6730,L,Go.,Race.,YOU,GOA,DOM,131,453,27,18,17,6,0,8,307
2025-08-11,11:54:33,JQ,721,D,Ter,Enter.,HOU,KEE,INT,410,327,1,23,15,1,9,9,146
2025-01-17,06:21:02,JQ,1431,L,Eac,Must.,HIS,SIZ,DOM,443,476,12,4,14,0,32,6,290
2025-10-31,21:22:04,JQ,881,D,Cos,Ago.,PUT,OPE,DOM,104,315,42,1,24,10,15,4,331
2025-02-28,02:58:13,JQ,6391,L,Car,Easy.,BY.,KEE,INT,377,99,30,5,0,4,5,18,493
2025-06-30,00:50:13,JQ,5139,L,Ris,Leg.,LAY,TRI,INT,297,335,44,14,14,4,29,9,434
2025-05-19,15:10:33,JQ,9148,D,Hit,Thus.,ONC,MOS,DOM,108,275,25,7,21,7,34,4,248
2025-12-28,09:35:54,JQ,9998,D,Sho,Him.,DOW,MAK,DOM,148,114,9,13,12,0,11,15,240
2025-04-03,19:46:35,JQ,7939,L,Tha,Now.,EYE,SHE,DOM,488,48,46,20,11,1,41,1,115
2025-03-10,20:48:51,JQ,1416,D,Foo,Role.,TYP,GOO,INT,113,237,27,10,6,1,49,5,370
2025-11-10,18:46:21,JQ,5355,D,Wha,Spend.,FIN,MAN,DOM,420,292,31,10,14,2,0,1,70
2025-12-24,15:15:34,JQ,5907,L,Gas,Drive.,FOO,SEN,DOM,374,148,43,19,13,8,4,11,364
2025-01-05,22:23:34,JQ,569,D,Kee,Happy.,LET,MUS,INT,404,126,43,12,18,2,32,8,437
2025-12-06,18:05:29,JQ,1411,D,Pul,Else.,IT.,WOR,DOM,251,398,30,5,14,4,7,14,33
2025-10-17,05:10:21,JQ,2154,L,Ter,Never.,TV.,SIZ,DOM,439,96,48,21,11,8,7,9,239
2025-06-06,19:24:38,JQ,805,D,Bot,Media.,MAN,WIL,INT,185,34,50,24,12,10,37,8,250
2025-02-15,15:35:58,JQ,3715,D,Bas,Red.,HEA,AWA,DOM,326,95,28,10,23,2,31,9,379
2025-10-21,16:45:43,JQ,2055,L,Eac,Later.,PUL,YES,DOM,422,225,33,9,21,8,49,16,397
2025-12-20,21:37:52,JQ,9126,L,Are,He.,EDG,TRI,INT,110,317,23,5,25,6,45,7,280
2025-08-25,03:47:45,JQ,1834,L,Bea,Man.,HIT,TAK,DOM,401,219,8,8,0,8,31,9,167
2025-04-04,11:00:48,JQ,2849,D,Int,Ago.,TAK,PUS,DOM,471,126,37,21,22,6,23,17,28
2025-05-09,15:11:12,JQ,1656,L,Sor,Stuff.,CAR,BAS,INT,268,137,46,16,24,1,34,5,338
2025-04-10,05:23:34,JQ,6546,L,No.,Fall.,GIV,CEL,DOM,358,239,14,25,9,9,43,1,43
2025-01-04,00:45:54,JQ,215,D,Bad,Food.,CAR,MUS,DOM,272,190,39,9,1,1,13,7,316
2025-02-10,19:19:41,JQ,5184,L,Lot,Deep.,WHY,MAN,INT,486,277,34,18,24,9,18,15,162
2025-07-30,05:36:22,JQ,479,L,Bot,Sport.,TES,OFF,INT,382,130,46,13,0,8,11,18,480
2025-01-03,21:58:59,JQ,6906,D,End,Child.,AT.,BAL,INT,193,445,0,23,16,10,31,4,142
2025-08-20,06:35:33,JQ,9663,D,For,By.,OPE,NOT,INT,194,329,8,12,19,6,6,17,349
2025-04-23,04:15:05,JQ,5490,D,Hug,Seek.,BOT,HIM,INT,286,207,5,6,19,3,40,17,94
2025-02-11,12:12:30,JQ,6638,L,Put,How.,EAS,TIM,INT,255,304,12,15,18,2,8,1,352
2025-06-13,22:44:31,JQ,1559,D,Vot,Peace.,YEA,FIN,DOM,421,196,4,8,20,2,24,5,223
2025-07-10,13:59:02,JQ,508,D,Out,Play.,FIN,ONL,DOM,289,60,27,21,2,3,31,13,303
2025-05-29,13:52:39,JQ,9884,D,Rol,Tell.,LAT,VER,DOM,309,213,26,14,12,4,4,5,353
2025-03-17,17:00:57,JQ,5926,L,Gir,Field.,LIS,TAX,DOM,494,327,16,5,9,10,3,19,420
2025-07-08,06:01:59,JQ,1102,L,Man,Cut.,YAR,CEL,INT,328,2,45,4,20,0,1,14,423
2025-12-25,16:32:19,JQ,2050,L,Foo,Place.,AND,HOW,INT,284,256,45,12,17,4,38,19,388
2025-03-22,07:12:13,JQ,4359,L,It.,Offer.,BUT,CEL,INT,243,67,11,21,11,9,18,2,354
2025-08-26,17:25:45,JQ,9199,D,Liv,Send.,TAL,WAI,INT,212,88,47,25,0,7,33,18,234
2025-05-04,14:04:53,JQ,897,D,Act,Guy.,TEA,ME.,INT,339,113,7,18,12,1,0,10,391
2025-10-30,20:57:54,JQ,3935,D,Age,Hot.,ROO,TUR,INT,193,333,9,17,2,8,27,0,275
2025-08-29,12:06:06,JQ,5690,L,Fea,Grow.,SIT,ACT,DOM,275,52,22,5,21,4,12,20,238
2025-01-10,14:35:34,JQ,8126,D,Gro,Name.,BOY,BAC,INT,205,485,2,18,9,7,48,11,286
2025-07-29,11:57:59,JQ,6221,L,Way,Help.,ARM,MAN,INT,184,257,37,11,20,7,2,8,181
2025-05-05,15:50:48,JQ,3861,D,Ide,Walk.,JUS,KEY,DOM,458,117,10,9,22,2,27,5,279
2025-01-17,02:11:06,JQ,1726,L,Ris,May.,MAI,RAC,INT,478,280,18,8,11,5,14,9,119
2025-12-12,07:48:19,JQ,4629,L,Her,Also.,SET,PER,INT,109,206,21,15,1,0,1,19,128
2025-06-24,00:43:46,JQ,5049,L,Day,Find.,TRY,WHY,INT,354,356,15,10,4,9,2,16,118
2025-05-08,08:08:29,JQ,3130,L,Res,Stage.,RIS,GOA,DOM,359,58,49,17,6,1,25,16,18
2025-11-12,00:56:08,JQ,7697,L,Eve,Them.,HOU,KID,DOM,329,58,46,6,5,10,9,1,434
2025-02-15,02:08:01,JQ,2788,L,Tru,Say.,LON,SIT,DOM,158,40,8,19,24,10,43,13,334
2025-12-27,14:44:33,JQ,1340,L,Car,List.,LAW,FOU,INT,235,284,45,8,3,7,45,5,85
2025-09-02,16:17:58,JQ,493,L,Roa,Some.,ALS,LAN,DOM,414,93,37,9,8,8,48,16,277
2025-03-05,02:09:04,JQ,9144,L,Cup,From.,LOT,GOA,INT,117,53,44,4,16,10,7,19,335
2025-05-19,16:36:14,JQ,4157,D,Eve,Enjoy.,AND,HOP,INT,417,388,23,10,15,8,35,16,69
2025-08-17,10:11:46,JQ,9965,L,Poo,Man.,DOO,MAY,DOM,221,284,44,6,5,4,9,6,375
2025-09-25,18:05:06,JQ,5584,D,Fis,This.,HOP,FOO,INT,446,38,26,18,15,8,16,11,133
2025-01-11,20:56:06,JQ,1252,D,Old,Hour.,SEE,BOT,DOM,379,441,42,14,4,3,24,1,437
2025-11-17,06:42:52,JQ,4116,D,Air,After.,HAL,STE,INT,439,9,13,13,17,8,5,0,371
2025-06-20,23:24:42,JQ,7559,D,Mor,Can.,FIS,YEA,DOM,261,203,10,8,13,9,22,15,168
2025-06-19,19:37:26,JQ,1168,L,Som,Form.,MIS,PAG,DOM,291,336,35,23,19,0,15,19,293
2025-12-05,11:14:11,JQ,3244,L,Tri,They.,TOP,WE.,DOM,243,299,18,17,25,6,22,14,421
2025-05-18,14:55:42,JQ,5603,L,Fal,Floor.,GOA,FOU,INT,220,233,3,2,23,0,13,10,388
2025-09-26,22:07:16,JQ,3303,L,Sea,Whole.,LAS,FIN,DOM,141,209,12,11,3,2,20,2,383
2025-02-14,15:30:49,JQ,2608,D,Can,Firm.,SOM,TYP,INT,192,407,39,14,25,0,33,15,487
2025-10-16,17:21:21,JQ,2479,D,Blu,Three.,TRE,CUT,INT,110,419,48,18,6,2,16,6,122
2025-03-03,18:00:08,JQ,8734,D,He.,Few.,FRE,HEA,INT,353,83,15,6,6,4,34,12,320
2025-09-05,13:55:43,JQ,6747,L,Mak,Later.,SUR,VER,INT,226,335,25,5,6,2,37,9,169
2025-11-24,05:22:40,JQ,2614,L,Car,Watch.,PAR,NON,DOM,170,329,5,2,10,1,47,13,189
2025-01-19,07:43:33,JQ,2783,D,No.,Late.,KEE,EAC,INT,412,204,35,12,1,3,48,0,212
2025-12-05,20:10:30,JQ,2934,D,Law,Talk.,MIS,LIV,DOM,335,35,16,20,4,2,42,13,444
2025-10-08,14:48:39,JQ,9366,L,We.,Fight.,GET,VIE,INT,401,397,28,5,10,1,48,13,462
2025-06-12,14:26:22,JQ,7608,D,Her,Gun.,HOT,FEE,INT,243,465,26,17,25,2,20,12,90
2025-03-04,09:10:04,JQ,3271,L,Lea,Same.,FUN,BIG,INT,290,488,10,11,22,9,48,1,271
2025-02-09,01:16:34,JQ,1015,D,He.,Near.,MOV,HIT,INT,103,100,24,17,13,9,45,6,374
2025-08-16,16:17:06,JQ,2454,D,Pic,Each.,WHA,TEN,INT,236,458,35,7,18,7,33,19,219
2025-01-03,07:50:58,JQ,3473,L,Loo,Star.,LON,SEE,DOM,280,119,47,17,22,8,0,17,345
2025-09-11,00:49:36,JQ,5139,L,Blu,Sea.,BOR,RED,INT,319,204,0,15,2,6,10,0,106
2025-07-24,22:07:06,JQ,3226,L,Eas,Buy.,HEA,YAR,DOM,214,451,43,5,4,1,6,9,463
2025-11-20,01:52:30,JQ,5408,L,Tur,Get.,DAT,I.,DOM,265,103,11,15,2,0,18,4,285
2025-12-30,09:51:06,JQ,6519,D,Wor,Other.,RIS,MAI,INT,456,231,37,5,17,0,5,9,2
2025-07-19,22:09:46,JQ,3305,L,Go.,Race.,TAX,CAL,INT,197,491,41,23,4,7,13,5,172
2025-07-02,00:20:14,JQ,9133,D,Eye,Hot.,SEL,AND,INT,366,215,29,2,12,10,16,4,367
2025-02-17,13:38:31,JQ,9686,L,The,Turn.,SON,BAN,INT,435,457,48,25,16,3,42,10,466
2025-11-19,07:25:32,JQ,246,L,Mis,Half.,THA,GUN,INT,138,296,49,10,12,10,48,3,380
2025-08-14,04:11:04,JQ,3730,L,Dow,Less.,CEL,WAY,INT,461,202,45,11,15,9,14,11,266
2025-05-31,03:10:04,JQ,2778,D,Hom,Write.,EAT,WIL,INT,483,493,42,3,3,5,40,4,13
2025-03-15,08:05:54,JQ,4437,D,Mai,The.,SIT,WAN,INT,336,342,5,13,23,3,24,19,176
2025-08-10,11:06:53,JQ,9447,D,Sto,Over.,TOW,ROO,INT,445,401,11,8,2,1,3,10,73
2025-08-25,15:27:39,JQ,3711,D,Nam,I.,BOO,FIV,INT,285,432,24,6,4,4,27,15,28
2025-12-08,14:26:15,JQ,6347,D,Bea,Value.,PER,BAS,DOM,484,83,12,5,23,8,3,9,115
2025-08-16,04:57:25,JQ,5316,D,Fal,Its.,EAS,MIS,DOM,487,84,5,20,15,6,4,12,423
2025-10-28,03:28:37,JQ,8086,D,Mos,Mean.,BAL,CAL,DOM,498,216,0,13,0,7,26,6,210
2025-09-16,07:06:55,JQ,3108,L,Bea,Call.,WEA,WEL,INT,474,420,25,18,12,6,29,11,468
2025-07-12,07:59:10,JQ,1929,D,Two,Cost.,PM.,ROC,DOM,412,86,10,16,2,1,25,6,321
2025-10-09,14:54:41,JQ,687,D,Fir,Town.,TWO,UP.,DOM,298,408,8,14,15,10,2,6,227
2025-09-08,04:55:11,JQ,5866,L,Ter,Might.,LOT,NON,INT,367,231,15,22,15,10,6,17,137
2025-11-25,21:19:25,JQ,3069,L,Fro,Role.,LAN,SEA,DOM,220,500,1,17,23,7,25,6,319
2025-04-18,01:15:01,JQ,6234,D,Col,Easy.,SIG,ON.,DOM,181,413,14,8,22,4,41,2,193
2025-02-16,23:19:05,JQ,2486,L,Non,Still.,COL,ARE,DOM,187,134,5,15,15,2,30,14,122
2025-05-26,17:24:42,JQ,3178,D,Few,Ever.,WIL,MOV,DOM,357,322,5,0,20,7,50,16,246
2025-06-09,09:25:54,JQ,6054,L,Kin,Wear.,MIS,BEA,INT,320,300,45,12,14,5,30,15,255
2025-04-24,03:18:13,JQ,7873,L,Sta,Hand.,RIS,TEL,DOM,236,65,35,21,22,6,8,16,6
2025-06-10,06:12:34,JQ,7800,L,Now,Agent.,PAS,SIG,INT,315,459,35,24,22,5,9,16,47
2025-01-16,07:18:12,JQ,3238,D,Any,Get.,FOR,TAX,INT,414,166,33,5,2,10,28,5,440
2025-06-08,20:17:58,JQ,125,L,Tas,Just.,STA,FRO,DOM,448,411,32,18,2,0,48,7,388
2025-04-09,14:50:48,JQ,6633,L,He.,Many.,EAS,HEL,DOM,397,206,22,4,16,9,21,14,43
2025-10-09,00:33:10,JQ,6778,L,Nic,Build.,LOT,IT.,INT,419,139,38,7,21,6,12,19,277
2025-07-24,21:01:03,JQ,8759,L,Hou,Chair.,GIR,SIX,DOM,494,334,42,13,7,7,9,13,386
2025-12-17,09:30:37,JQ,7865,D,Ter,First.,WAI,YOU,DOM,280,63,37,20,16,5,20,12,450
2025-09-26,11:07:30,JQ,7661,D,Him,Do.,TUR,DEE,INT,487,96,30,22,8,5,12,9,290
2025-08-21,15:33:50,JQ,7420,L,Can,City.,BAL,SON,INT,294,82,19,7,24,1,39,19,464
2025-10-04,04:41:20,JQ,2974,L,Son,Learn.,SEE,FEW,DOM,365,489,50,17,25,6,2,12,330
2025-09-26,17:00:14,JQ,6108,L,Sto,Long.,THA,WEA,INT,465,498,12,4,3,1,30,15,363
2025-09-01,22:28:30,JQ,9146,L,Too,Ball.,DAT,FOR,DOM,500,138,9,15,9,5,20,8,289
2025-07-23,06:35:50,JQ,566,D,Per,Rate.,VOT,WIS,DOM,358,336,20,2,8,1,15,5,105
2025-07-05,05:20:09,JQ,9130,L,Top,Tend.,BOX,CAR,DOM,225,228,8,3,11,0,40,4,463
2025-02-13,05:05:04,JQ,3055,D,Onl,Bill.,JOI,FEE,INT,101,482,50,1,17,6,32,1,104
2025-12-20,03:08:19,JQ,3325,D,Ste,Staff.,DOO,RIS,DOM,438,471,35,4,4,7,13,19,230
2025-06-12,09:19:54,JQ,1056,L,Leg,Field.,GUY,FIN,DOM,498,125,1,13,24,9,28,13,482
2025-11-04,23:39:12,JQ,9196,D,Pic,Gun.,NEE,NOT,DOM,313,301,14,0,4,4,6,8,93
2025-03-06,06:39:54,JQ,8159,L,As.,Hard.,FAC,OF.,INT,453,115,50,13,2,6,0,1,256
2025-12-28,15:54:19,JQ,4437,L,Abl,Whom.,POO,ROC,INT,201,116,12,22,21,10,16,10,413
2025-08-16,00:49:13,JQ,4815,L,Lis,Today.,DOG,LIK,DOM,462,67,35,21,14,2,0,11,327
2025-01-01,04:04:05,JQ,5211,L,Hea,Grow.,AND,STA,DOM,216,45,6,20,19,3,1,12,419
2025-06-23,19:59:57,JQ,6087,L,Kno,Me.,THE,SHE,DOM,487,438,47,6,1,0,29,7,60
2025-11-08,00:32:29,JQ,6224,L,Cos,Treat.,NEA,WHO,DOM,255,234,32,10,3,3,29,16,227
2025-03-28,22:32:24,JQ,5147,L,Rul,Term.,EAT,ELS,INT,378,423,3,15,13,0,16,9,132
2025-06-16,09:27:47,JQ,4693,L,Typ,Half.,FIS,MUC,DOM,448,315,37,25,5,2,44,19,80
2025-07-06,15:50:57,JQ,5170,L,Bag,They.,AWA,LOW,DOM,242,298,22,21,18,6,1,16,460
2025-09-08,03:48:21,JQ,4539,D,Fou,Of.,CIT,TUR,INT,235,36,30,17,14,10,36,12,195
2025-12-21,17:24:45,JQ,5017,L,Dat,Miss.,LAN,SAV,INT,113,396,25,25,21,3,48,17,441
2025-01-04,18:41:21,JQ,692,L,Upo,Take.,KNO,MAN,INT,276,258,47,14,17,5,30,12,264
2025-08-16,02:13:22,JQ,3227,L,Man,Stay.,FUL,FIL,INT,299,287,22,6,2,10,27,4,75
2025-12-25,18:40:28,JQ,1818,L,Sav,Field.,TYP,TOP,INT,387,158,25,15,14,3,43,5,374
2025-12-21,23:35:01,JQ,5620,L,May,Pay.,SOO,SEE,DOM,116,387,26,9,13,3,42,13,409
2025-05-16,20:58:23,JQ,2695,L,Kee,Idea.,SOM,OUT,DOM,204,253,5,0,10,3,15,19,195
2025-03-03,15:27:35,JQ,5866,D,Up.,Rest.,SEE,MAN,INT,228,299,0,3,13,9,42,1,364
2025-11-05,11:48:04,JQ,183,L,Leg,Four.,THE,NEE,INT,303,47,2,20,11,6,39,7,433
2025-05-04,07:25:01,JQ,1267,D,Fun,Sit.,FOR,ON.,DOM,202,271,32,3,9,7,30,13,116
2025-02-25,13:05:01,JQ,1758,D,Fin,Truth.,SON,LOS,INT,500,471,33,6,18,6,10,9,295
2025-09-26,12:10:25,JQ,8706,L,Bal,Some.,YEA,PAS,DOM,144,423,33,4,3,2,14,18,236
2025-03-02,18:37:42,JQ,8797,L,Fir,Eight.,YET,DO.,DOM,180,458,7,17,2,3,31,13,301
2025-11-10,05:14:35,JQ,9930,L,End,Face.,BAS,THE,INT,339,9,32,24,7,4,21,2,465
2025-10-23,05:58:14,JQ,370,D,Fro,Pay.,AIR,RIS,INT,212,68,44,11,8,6,34,1,78
2025-09-12,11:47:24,JQ,4013,L,Doo,Year.,DRA,REA,INT,310,489,3,16,8,3,13,6,388
2025-03-20,09:41:00,JQ,5412,D,Fro,Carry.,PLA,ITE,INT,271,158,36,15,12,1,41,6,306
2025-04-22,21:21:19,JQ,4132,D,Go.,Arm.,TO.,TOP,INT,191,230,21,3,1,6,32,12,125
2025-07-18,18:13:38,JQ,8470,D,Arm,Skill.,VOT,BE.,INT,428,438,36,11,21,5,25,12,166
2025-05-15,07:44:58,JQ,7802,L,Muc,List.,YOU,GUN,INT,386,12,47,13,24,10,44,15,168
2025-02-18,08:02:34,JQ,9427,D,Car,Huge.,NOR,LIK,DOM,478,326,36,21,22,3,48,2,277
2025-03-19,19:48:03,JQ,7866,L,Pla,End.,WAL,TEA,DOM,366,489,44,11,1,4,0,14,65
2025-02-17,10:00:30,JQ,1333,L,Muc,Since.,GOO,LEG,DOM,448,126,43,11,8,0,16,6,351
2025-10-18,00:34:14,JQ,1040,D,Goa,Ready.,TER,SAV,DOM,371,265,36,15,10,5,11,16,435
2025-07-13,00:01:39,JQ,2407,L,And,Bad.,LAN,AND,INT,252,486,26,6,1,4,15,12,9
2025-10-16,18:57:46,JQ,8686,L,Hea,Glass.,NOT,PIC,DOM,381,450,41,22,4,10,24,15,217
2025-03-31,03:24:58,JQ,2478,D,Bad,Away.,TRY,JUS,DOM,402,444,38,21,18,3,45,20,333
2025-09-28,20:04:37,JQ,9714,L,Bas,Major.,PLA,FOR,INT,222,91,49,25,25,7,37,10,10
2025-08-01,06:17:32,JQ,7868,L,New,Next.,WIN,GET,DOM,466,249,14,21,8,8,42,20,60
2025-11-23,03:56:45,JQ,284,D,Do.,Wife.,AS.,TER,DOM,225,42,12,4,5,8,45,5,463
2025-07-09,12:02:53,JQ,5522,L,Tre,Apply.,TES,FRO,DOM,132,436,2,15,17,3,6,20,446
2025-07-22,23:40:27,JQ,112,D,Goa,Avoid.,HOU,OFF,DOM,193,105,32,9,8,8,21,1,250
2025-12-13,02:28:51,JQ,6653,L,Eat,Six.,ANY,SEL,INT,348,200,17,1,11,1,38,0,414
2025-07-11,02:47:18,JQ,5330,D,Arm,This.,HOM,HIS,DOM,316,348,23,3,14,7,11,11,62
2025-05-20,19:28:31,JQ,9551,L,Too,Their.,BAD,LOT,INT,442,289,33,25,20,7,45,9,464
2025-03-10,01:31:29,JQ,6888,L,Pas,We.,HAN,WHA,INT,221,141,40,8,11,7,17,15,31
2025-04-26,21:46:44,JQ,7368,L,Go.,Rest.,SON,SUR,INT,387,351,30,23,12,9,37,7,474
2025-07-03,00:11:10,JQ,542,D,Lik,Pay.,TEN,SHO,INT,107,185,15,3,22,6,28,5,336
2025-01-07,16:56:33,JQ,2467,L,Fac,Unit.,CAN,MOS,INT,280,195,24,1,1,7,31,2,394
2025-12-19,17:53:21,JQ,3907,D,Tri,Music.,ONL,ASK,DOM,316,191,34,14,2,9,16,10,372
2025-02-03,13:06:22,JQ,7708,D,If.,His.,PAG,WIL,DOM,299,228,48,2,6,1,48,3,186
2025-03-19,10:39:46,JQ,9606,D,Up.,Onto.,IN.,CAR,DOM,182,6,23,16,24,0,39,8,362
2025-04-03,16:50:48,JQ,2311,L,Nee,Under.,JUS,DEA,INT,160,28,7,5,0,3,47,13,354
2025-04-06,22:30:31,JQ,375,D,Sto,Power.,CAS,EYE,INT,253,19,47,0,11,8,19,9,85
2025-09-12,08:31:22,JQ,8242,D,Fin,Sing.,VER,SEA,INT,487,143,21,8,24,1,24,14,19
2025-01-21,04:10:02,JQ,6492,D,Foo,Use.,PUS,SEE,INT,377,20,8,6,2,0,12,8,181
2025-06-25,12:54:53,JQ,849,D,Lan,Baby.,FOU,CAR,DOM,341,435,15,7,7,4,38,8,59
2025-03-18,09:40:43,JQ,2342,L,Nor,Put.,CEL,GO.,DOM,468,20,10,16,10,0,9,8,126
2025-11-14,19:10:20,JQ,1207,D,Two,Door.,PM.,ROL,DOM,256,99,45,8,4,7,10,19,240
2025-01-24,08:14:50,JQ,9516,L,Fiv,Check.,MEE,EAS,INT,134,11,49,23,19,8,43,1,370
2025-08-25,20:04:35,JQ,4514,D,Tax,Fall.,FIS,ELS,INT,126,497,4,7,12,8,37,13,117
2025-12-18,11:02:33,JQ,4664,D,Cit,Share.,LAW,SAM,DOM,294,152,5,8,24,8,46,10,259
2025-03-18,14:02:15,JQ,4187,D,Be.,Sense.,LAW,LAS,INT,212,348,5,2,16,2,32,3,414
2025-05-17,16:02:06,JQ,4889,L,Lan,Ready.,KEY,LAT,INT,117,171,45,6,19,3,14,4,188
2025-10-16,03:02:18,JQ,1334,L,One,Size.,GO.,FEA,INT,281,233,48,3,21,3,28,16,295
2025-09-20,07:01:29,JQ,5938,L,Eat,Serve.,AGO,WES,DOM,110,430,2,22,8,6,46,10,404
2025-08-06,23:01:58,JQ,437,D,Cas,Chair.,TOO,WIL,DOM,383,179,30,22,6,5,4,11,417
2025-02-17,07:57:32,JQ,7826,L,Us.,Grow.,SO.,OF.,INT,169,248,9,19,4,1,14,15,75
2025-03-24,21:28:57,JQ,7376,L,Fro,Phone.,LIN,GOA,INT,467,329,43,7,8,2,15,17,110
2025-11-18,15:27:55,JQ,9890,L,Man,Teach.,RUL,FEW,INT,387,331,14,24,9,2,25,0,246
2025-06-01,10:05:55,JQ,4487,D,Fac,Town.,BAC,TRE,DOM,192,443,26,17,0,0,49,11,368
2025-10-16,20:43:13,JQ,681,D,Sam,Level.,LEA,ALS,INT,254,440,4,11,5,9,20,2,373
2025-08-04,01:34:39,JQ,6873,D,Giv,Hear.,WIT,LOS,INT,292,495,13,16,13,7,43,17,94
2025-08-01,20:01:05,JQ,8314,L,Uni,Lay.,ALS,HIG,DOM,357,475,37,21,1,0,16,7,475
2025-01-01,14:05:29,JQ,1063,L,Uni,Unit.,ONC,FAC,DOM,418,381,50,3,10,6,2,4,87
2025-11-17,18:48:20,JQ,2477,D,Tre,Live.,HIT,SHE,INT,291,241,25,0,16,1,26,2,65
2025-12-22,13:39:47,JQ,9405,L,Giv,Rise.,ITE,HE.,DOM,407,116,34,7,3,5,7,20,105
2025-09-12,19:48:32,JQ,2800,L,Pus,Fund.,BOD,SIZ,DOM,486,164,41,20,10,4,21,8,209
2025-08-22,21:57:05,JQ,2968,L,Goa,Yeah.,LEG,PAR,INT,426,378,21,19,17,6,35,11,63
2025-06-20,13:39:54,JQ,8106,L,The,Else.,BOR,HER,INT,424,36,18,10,15,6,7,9,177
2025-12-17,10:09:35,JQ,7083,D,Ski,Miss.,ART,AND,INT,304,27,31,21,4,10,8,19,151
2025-04-08,21:11:28,JQ,290,D,Far,Keep.,TEA,UPO,INT,409,150,21,11,0,9,12,16,282
2025-01-19,12:02:33,JQ,6151,L,The,Woman.,THE,GAM,DOM,329,414,37,14,14,3,4,4,430
2025-11-18,06:03:30,JQ,9803,D,Als,Here.,BIG,AGE,INT,272,126,47,0,5,9,31,10,411
2025-11-29,23:04:27,JQ,5200,L,Jus,Day.,LOW,WEA,DOM,304,105,25,21,12,0,13,12,262
2025-09-13,05:27:32,JQ,6011,L,Nic,Act.,FEW,MAK,DOM,448,175,40,0,15,5,16,19,288
2025-05-05,06:54:03,JQ,4721,L,Lis,Large.,FOR,THA,DOM,482,152,42,2,11,2,22,13,173
2025-01-16,18:15:21,JQ,945,L,Car,Do.,INT,MAN,DOM,418,1,17,22,22,8,43,1,353
2025-02-11,10:06:23,JQ,6273,L,Pus,Where.,NOW,LEG,DOM,373,145,5,5,16,1,50,8,40
2025-03-23,00:15:39,JQ,4388,D,Hot,Unit.,OUR,OF.,DOM,215,84,33,9,14,3,45,4,104
2025-09-19,09:59:34,JQ,4410,D,Hav,Like.,AWA,BAL,DOM,472,269,14,15,8,9,37,11,94
2025-02-01,11:17:46,JQ,7696,D,Ok.,Seek.,SAV,RIS,DOM,358,160,28,5,12,2,23,12,102
2025-12-07,21:52:14,JQ,7102,L,Him,Agree.,UPO,LOS,INT,142,54,19,1,25,9,15,20,282
2025-09-29,16:18:04,JQ,994,L,Bad,Alone.,PUS,TWO,DOM,440,497,0,24,16,7,24,8,219
2025-06-13,14:23:15,JQ,6566,D,Key,Happy.,LAT,FOU,DOM,468,462,47,16,13,10,30,17,288
2025-04-23,00:36:12,JQ,8887,D,Get,Trial.,HEA,MOS,DOM,233,297,25,25,9,10,15,12,311
2025-01-17,00:17:07,JQ,9840,D,Ago,Test.,LET,KID,INT,369,147,20,21,19,9,1,11,30
2025-01-30,00:44:28,JQ,4718,L,Soo,Her.,SON,TER,INT,272,18,19,25,12,10,36,18,327
2025-12-30,01:54:09,JQ,361,L,Foo,Much.,MOR,THE,DOM,212,272,21,20,0,3,29,17,347
2025-01-13,21:05:36,JQ,8951,L,Als,Mean.,I.,THE,INT,234,357,0,11,5,4,9,12,116
2025-06-21,08:27:20,JQ,4445,L,Whe,Level.,SAY,DEA,INT,225,62,6,19,4,5,3,3,58
2025-02-04,01:32:17,JQ,2857,D,Act,Art.,SIX,LON,INT,499,85,1,11,0,3,29,11,499
2025-10-01,14:27:16,JQ,7243,D,Son,Like.,TOP,MRS,INT,169,168,36,3,10,8,15,9,337
2025-05-08,10:01:15,JQ,7564,L,See,Admit.,WIT,NOT,DOM,181,155,26,6,4,9,13,11,303
2025-04-15,15:14:20,JQ,9591,L,Poo,Sure.,DRU,FIR,DOM,464,290,47,25,23,7,36,12,243
2025-06-03,02:43:13,JQ,2748,L,Tim,East.,PAR,SUC,INT,390,149,49,0,2,1,45,18,118
2025-10-23,21:25:29,JQ,710,D,Law,Peace.,EVE,BAD,DOM,398,417,33,24,3,2,1,17,236
2025-01-19,01:44:32,JQ,3505,D,Bal,Base.,NO.,REA,INT,426,6,6,2,4,8,44,9,389
2025-10-12,06:59:32,JQ,9268,L,Fir,Soon.,BAN,YOU,DOM,435,239,38,19,7,7,10,2,253
2025-05-23,21:44:48,JQ,7235,D,Put,Run.,TRI,MEA,INT,365,258,14,15,1,0,22,4,96
2025-12-30,08:17:01,JQ,9979,L,Sit,Fund.,SKI,LIN,DOM,373,77,13,10,21,2,30,13,155
2025-07-17,14:06:38,JQ,7292,D,Tha,Movie.,MUS,MIS,DOM,252,3,5,13,4,4,34,2,55
2025-06-06,06:21:57,JQ,7000,D,But,Bar.,AIR,CAR,INT,345,196,14,23,17,4,36,18,313
2025-11-13,04:48:08,JQ,5192,L,Hou,Son.,KNO,MOR,INT,158,183,7,9,18,0,8,17,239
2025-03-20,09:33:42,JQ,709,L,Soo,Then.,AT.,SOO,DOM,147,351,12,6,24,0,37,4,156
2025-09-29,22:50:12,JQ,6395,D,Me.,Easy.,STO,LOO,DOM,143,98,25,10,25,3,49,8,253
2025-06-08,12:47:01,JQ,5401,L,Who,Force.,YEA,NOW,DOM,479,40,35,0,21,9,22,3,283
2025-09-08,05:25:40,JQ,9519,D,Tax,Power.,CEL,AWA,INT,274,63,39,5,25,7,10,2,278
2025-05-11,16:15:13,JQ,5526,D,You,Bad.,TEA,WIT,DOM,146,341,48,3,13,8,31,1,267
2025-08-04,14:58:08,JQ,2183,D,Ont,Occur.,GOA,EAT,INT,423,368,31,5,12,7,19,8,220
2025-11-14,09:19:39,JQ,1465,D,One,Plan.,GRO,DOO,INT,128,382,44,2,8,8,7,19,481
2025-05-29,15:02:59,JQ,3064,D,Pul,Main.,AWA,GRO,DOM,312,136,49,5,16,2,4,13,47
2025-10-30,19:57:36,JQ,7130,L,Bes,PM.,WE.,WOR,DOM,361,276,11,19,0,4,35,3,93
2025-11-25,20:57:17,JQ,9573,L,Tax,Door.,YES,SAM,DOM,459,12,21,24,0,6,25,5,94
2025-04-05,22:33:57,JQ,5186,D,Tha,Help.,BEA,ONL,INT,310,41,29,0,13,5,40,14,303
2025-06-24,14:52:16,JQ,5253,L,Nex,Blood.,RIC,THE,INT,210,355,4,7,10,6,28,18,156
2025-04-09,11:25:06,JQ,6465,L,So.,Chair.,SIG,LIK,DOM,313,162,48,6,5,10,45,11,252
2025-04-25,08:47:54,JQ,3282,D,Blu,Ball.,TO.,LAW,DOM,143,29,15,16,24,6,39,11,86
2025-03-08,17:12:01,JQ,1133,L,Roc,On.,FIN,GAS,INT,438,173,17,19,4,8,45,10,251
2025-08-20,16:20:26,JQ,5117,D,Goa,Want.,LOS,BIG,DOM,180,309,45,16,15,8,45,18,459
2025-06-10,16:18:44,JQ,9508,L,In.,Young.,WAL,TRI,DOM,341,480,18,0,10,1,35,2,129
2025-01-13,09:11:51,JQ,6353,D,Her,Week.,CAR,NIC,DOM,211,369,16,20,6,7,33,7,371
2025-10-08,12:42:48,JQ,9552,L,The,Bed.,TER,LOO,INT,122,123,36,8,23,6,12,9,372
2025-08-15,05:17:34,JQ,2888,L,Fir,Best.,DO.,END,DOM,335,19,2,17,9,3,26,17,288
2025-12-12,00:57:56,JQ,5353,D,Leg,West.,GUY,ANY,DOM,174,316,9,8,1,5,26,16,476
2025-10-11,14:08:33,JQ,3810,L,Roa,Go.,WHY,THU,INT,276,129,26,24,18,6,4,20,181
2025-01-23,07:36:30,JQ,2766,D,Ten,Large.,PLA,SAV,DOM,275,180,42,2,14,8,37,17,177
2025-05-31,23:21:12,JQ,8975,L,Use,Media.,DAY,NAM,DOM,296,268,2,21,3,0,31,10,438
2025-08-26,16:43:02,JQ,8076,D,Lin,South.,MR.,HEL,DOM,398,256,35,13,5,0,39,5,438
2025-03-17,14:04:57,JQ,1890,L,Onl,Meet.,TRE,UP.,DOM,345,316,4,7,17,7,28,18,24
2025-03-11,15:17:14,JQ,4306,L,Wai,Ahead.,LOO,GAS,INT,467,81,26,2,0,2,4,20,172
2025-09-25,18:23:10,JQ,8510,D,Wit,Fall.,WAL,THU,DOM,226,185,34,23,21,0,22,10,23
2025-03-12,08:51:23,JQ,9718,L,Put,Wait.,WE.,STA,DOM,453,312,21,2,8,3,49,6,369
2025-04-30,21:30:47,JQ,8543,L,Giv,Least.,HEA,CAS,DOM,436,218,18,19,22,0,8,9,370
2025-04-23,18:18:35,JQ,2139,L,Pag,Place.,MAI,GO.,DOM,116,245,36,0,13,6,26,3,108
2025-10-06,18:05:26,JQ,3094,D,Los,Song.,TV.,HOP,INT,185,108,15,20,20,10,32,16,4
2025-01-14,08:24:29,JQ,2959,D,Ski,Arm.,MOV,LET,INT,429,128,9,5,5,3,31,2,411
2025-11-21,04:33:36,JQ,8596,D,Boy,Local.,ELS,DAY,INT,101,312,33,22,18,8,2,20,226
2025-09-01,06:26:38,JQ,2116,D,Ter,Bad.,BAD,TEN,INT,294,425,2,3,8,7,48,3,96
2025-05-10,01:17:38,JQ,3594,D,Bar,Most.,PAY,A.,INT,193,144,26,9,14,5,37,0,477
2025-07-10,09:00:06,JQ,962,L,Yea,Try.,LOS,UP.,INT,110,276,47,25,2,2,0,4,144
2025-02-08,08:42:44,JQ,8117,D,Sur,Turn.,LIV,SEE,INT,259,280,2,25,3,6,0,12,255
2025-10-19,17:50:22,JQ,147,D,Mea,These.,WHY,FIS,DOM,446,280,45,21,9,0,1,10,494
2025-08-14,01:01:39,JQ,1575,D,Kid,Dog.,EYE,HOT,INT,350,498,26,19,16,10,31,4,48
2025-01-04,10:11:01,JQ,5188,L,Sid,Foot.,JOI,LOS,DOM,295,90,5,4,11,6,33,6,215
2025-12-17,17:13:19,JQ,5659,L,Wes,How.,SOO,ARE,DOM,176,21,5,10,24,4,23,18,195
2025-04-19,03:11:59,JQ,9972,D,Ove,Guess.,PAG,ONE,INT,403,67,28,5,22,0,47,2,260
2025-01-14,20:01:19,JQ,472,D,Tha,All.,BAN,FAC,INT,133,91,41,23,16,1,21,10,382
2025-04-24,20:05:45,JQ,7281,D,War,Often.,TUR,ART,DOM,169,228,45,25,0,9,11,7,401
2025-05-07,21:44:20,JQ,4667,L,Set,Two.,SAF,SO.,DOM,403,366,7,13,25,4,2,8,315
2025-01-29,18:05:06,JQ,2374,L,Bas,Test.,OVE,THE,DOM,257,115,8,5,7,4,49,7,272
2025-12-28,11:31:27,JQ,5817,D,Hit,Show.,WAY,BOX,INT,268,378,1,13,9,8,0,0,380
2025-12-01,00:32:17,JQ,462,D,How,TV.,HAR,GAS,DOM,493,336,28,21,23,10,33,15,11
2025-10-15,04:54:41,JQ,8205,L,Sig,Watch.,KIN,MUC,INT,125,287,3,19,5,0,31,17,474
2025-05-23,09:29:35,JQ,3899,D,Hit,Occur.,ELS,BUT,DOM,255,30,40,6,14,6,44,20,204
2025-01-03,23:10:59,JQ,5321,L,Foo,Talk.,TYP,OIL,DOM,251,225,35,12,6,1,4,11,160
2025-03-26,15:56:35,JQ,3499,L,Yea,Skin.,BAR,NO.,INT,208,430,7,9,5,7,2,12,474
2025-10-25,00:31:14,JQ,1613,D,Tel,Him.,WAL,I.,DOM,404,3,33,22,15,8,2,19,318
2025-03-30,07:32:46,JQ,8986,L,Cut,Live.,CAL,SAY,DOM,203,13,47,24,1,0,23,16,76
2025-08-09,18:17:37,JQ,7040,D,No.,Occur.,OPE,SIG,DOM,355,65,49,18,16,0,49,15,42
2025-10-29,20:03:38,JQ,703,L,Doo,Over.,WAR,TV.,DOM,134,431,39,5,9,0,43,15,161
2025-07-18,10:24:20,JQ,2818,D,Joi,Event.,CUT,TEL,INT,134,243,16,6,13,1,39,20,158
2025-12-11,18:27:27,JQ,1208,L,Hav,Away.,ALL,REA,INT,355,135,13,13,5,5,36,9,172
2025-11-21,06:39:32,JQ,4914,L,Uni,Sense.,MUS,DEE,INT,293,103,21,2,25,0,16,4,100
2025-10-08,23:42:00,JQ,9354,L,Tes,Town.,YOU,OUT,INT,376,0,36,1,7,2,29,6,196
2025-09-08,00:12:30,JQ,990,L,Lin,Foot.,RIC,HAN,INT,221,312,24,5,1,9,0,10,297
2025-11-04,20:47:14,JQ,195,L,Non,This.,WAL,SUC,INT,239,176,39,5,19,8,14,1,388
2025-07-19,12:19:24,JQ,6791,D,But,Often.,KEE,ON.,INT,475,256,27,17,8,3,35,3,456
2025-04-30,12:18:42,JQ,6179,L,Get,With.,PUL,TO.,INT,293,171,15,13,10,3,29,20,6
2025-12-21,09:50:30,JQ,2084,L,Hel,Wife.,ROC,SIZ,DOM,339,84,46,4,25,10,26,19,459
2025-12-21,13:58:38,JQ,6026,L,Joi,Not.,HOP,WES,INT,295,385,41,5,4,3,23,7,158
2025-04-25,00:43:48,JQ,7018,L,Min,Girl.,AWA,DOO,INT,398,384,16,15,4,10,49,5,83
2025-03-02,01:58:57,JQ,4419,L,Why,Draw.,OF.,SAY,INT,334,319,38,2,0,10,20,2,39
2025-05-26,10:35:03,JQ,9254,L,Sto,Large.,SEE,ACT,INT,285,93,2,5,3,9,29,14,183
2025-04-24,14:54:22,JQ,6244,D,Low,Heavy.,YEA,FOU,DOM,213,253,49,6,7,10,1,19,461
2025-04-11,02:01:09,JQ,1554,D,Gam,Song.,YOU,END,INT,487,213,8,19,2,5,3,17,493
2025-07-17,08:53:17,JQ,863,L,His,Let.,GIV,FRO,DOM,371,172,42,13,20,1,19,5,155
2025-07-04,21:00:42,JQ,1301,D,Act,Stay.,ARE,HAV,INT,495,40,4,15,2,2,33,15,221
2025-02-21,07:27:22,JQ,7046,L,Lay,Major.,DRU,NOT,DOM,269,149,44,9,12,7,37,7,129
2025-09-07,13:21:23,JQ,6329,L,Car,Show.,RES,THI,DOM,313,392,41,5,21,9,12,11,161
2025-12-06,00:00:09,JQ,5042,D,Whe,Test.,LAN,SIN,DOM,275,140,14,24,15,0,0,12,460
2025-04-23,20:49:37,JQ,7108,D,Wes,Value.,ITS,HER,DOM,300,272,30,3,2,8,3,18,455
2025-05-12,07:13:38,JQ,9133,L,Eye,Top.,WAN,EYE,INT,310,101,17,8,2,9,8,1,464
2025-06-28,04:27:00,JQ,7442,D,Fac,True.,LES,LIN,INT,401,173,42,25,13,6,29,5,326
2025-09-27,11:07:53,JQ,7938,D,Ide,Even.,YAR,SOR,DOM,205,86,0,23,25,1,50,11,489
2025-08-07,15:14:10,JQ,212,L,Hal,Off.,HOW,TRI,INT,488,153,36,0,11,9,49,3,103
2025-12-03,11:45:57,JQ,7061,D,Sit,Four.,SIT,LAN,DOM,415,453,4,19,4,3,34,3,207
2025-03-31,15:08:23,JQ,7147,D,Pla,Trip.,BLU,GIR,DOM,469,49,36,7,4,0,50,6,331
2025-06-01,18:56:54,JQ,1426,L,PM.,Make.,SID,BAG,INT,340,150,48,15,12,6,33,12,108
2025-07-02,03:46:27,JQ,8496,L,Job,House.,NEW,GAS,DOM,239,309,8,24,16,10,28,15,261
2025-04-28,10:14:21,JQ,8877,D,Lis,Them.,MIN,LAN,INT,372,466,34,3,23,7,8,3,20
2025-05-19,04:55:03,JQ,5852,D,How,Form.,TEN,WIS,INT,440,132,21,17,0,3,25,16,83
2025-06-06,20:47:12,JQ,3420,D,Do.,Set.,CIT,A.,DOM,379,167,13,7,4,7,15,8,288
2025-11-20,07:16:14,JQ,4530,L,By.,Card.,SIT,NEX,INT,109,399,44,17,10,4,29,5,311
2025-04-06,01:09:13,JQ,4628,L,Bac,Worry.,IDE,MEA,DOM,151,382,24,2,16,10,21,17,313
2025-08-21,02:13:45,JQ,202,L,Whe,Box.,TAS,MIN,INT,330,266,35,21,7,3,38,11,355
2025-04-03,10:42:17,JQ,6609,L,Dra,Rock.,OFF,FIL,INT,396,460,26,3,25,0,27,18,381
2025-09-02,22:29:03,JQ,5184,D,Wea,Gun.,SON,GIV,DOM,111,346,35,16,6,0,32,17,471
2025-02-25,11:42:10,JQ,917,L,Cas,Know.,TAS,PUT,DOM,316,6,42,15,25,4,40,20,342
2025-02-17,04:08:27,JQ,4619,L,Saf,Today.,WIN,FAR,DOM,282,36,43,18,2,6,31,8,195
2025-06-23,12:10:40,JQ,7207,D,Mea,Eat.,BOT,FIS,INT,394,436,33,23,17,3,5,17,83
2025-09-18,22:55:43,JQ,4374,D,Pla,To.,FIL,BAD,INT,407,37,18,22,25,9,37,8,412
2025-09-26,17:32:23,JQ,3360,D,Fis,List.,STA,MEA,INT,453,177,17,8,17,9,8,2,351
2025-05-12,04:20:19,JQ,9670,L,Fil,Hotel.,GO.,THE,INT,392,4,5,25,7,3,30,3,160
2025-12-31,19:33:01,JQ,8966,D,Eve,Boy.,TER,POO,INT,184,334,20,3,20,2,27,14,184
2025-07-27,18:37:42,JQ,4098,L,PM.,Far.,MY.,BOY,INT,119,170,29,18,24,1,48,0,471
2025-06-16,11:44:20,JQ,9341,L,Mea,Born.,NEA,CAR,DOM,284,299,6,20,11,3,18,5,131
2025-12-11,11:18:00,JQ,621,D,Uni,Child.,SUR,SAF,INT,407,365,1,19,18,10,39,11,352
2025-09-26,16:45:28,JQ,9017,D,Sam,Will.,YES,FAC,DOM,178,61,29,11,10,8,21,1,221
2025-03-06,09:21:14,JQ,1860,D,Lan,Field.,HER,IF.,DOM,190,377,29,17,1,10,41,9,53
2025-09-03,09:14:27,JQ,602,L,All,Those.,SEN,SIG,DOM,362,137,1,19,25,4,32,12,353
2025-07-28,02:55:42,JQ,674,D,Edg,Word.,TEA,WHE,INT,210,420,24,9,10,8,35,5,277
2025-07-06,00:14:24,JQ,7220,L,Hai,Mean.,BAC,TEL,INT,345,75,44,0,21,8,11,16,211
2025-05-23,01:35:35,JQ,5268,L,Awa,Start.,FIV,WHO,DOM,108,410,18,14,13,10,10,16,296
2025-12-10,18:58:12,JQ,2934,L,Bed,Lose.,VIE,LOO,INT,211,101,24,11,14,8,13,20,404
2025-08-04,07:47:48,JQ,4677,D,Cal,Room.,FIR,PAS,DOM,432,39,41,16,20,8,33,19,402
2025-12-11,03:49:44,JQ,3251,L,Mus,Ready.,OPE,PLA,DOM,284,408,35,15,6,5,46,9,264
2025-11-23,16:10:47,JQ,4534,D,Kee,Price.,BAS,SAV,DOM,128,472,33,9,4,0,38,13,291
2025-07-19,01:59:45,JQ,6628,D,Red,Party.,KNO,TWO,INT,438,262,35,9,17,1,39,17,194
2025-05-23,23:32:05,JQ,2036,D,Sig,Three.,PER,PUS,INT,302,154,35,1,12,2,38,5,162
2025-01-12,05:32:28,JQ,4431,L,Eas,Rise.,TRI,BUT,INT,439,419,25,11,7,0,1,12,232
2025-08-09,05:31:03,JQ,6367,L,Wil,Whose.,WHE,FRE,INT,209,172,36,3,8,2,43,11,89
2025-01-13,20:04:31,JQ,7879,L,Buy,They.,AGE,ROC,INT,124,373,8,11,3,9,32,17,161
2025-08-02,21:36:02,JQ,6824,L,Gro,Poor.,PM.,MAN,INT,114,33,13,20,3,4,24,15,11
2025-02-01,11:46:29,JQ,7614,L,Rul,Want.,TAK,MIS,DOM,302,103,11,16,7,2,0,10,248
2025-05-21,22:51:38,JQ,5144,D,Win,Bag.,LOS,CAR,DOM,458,48,49,13,14,6,30,9,377
2025-09-29,23:31:40,JQ,8783,D,Bod,Page.,WID,LIF,INT,314,142,50,18,22,2,37,17,334
2025-10-28,15:18:00,JQ,5964,L,Fre,Name.,MAY,GIV,DOM,308,24,17,24,16,3,35,3,174
2025-01-28,14:22:36,JQ,6317,L,Pas,Local.,FRE,HAI,INT,390,241,8,4,10,5,37,3,1
2025-06-30,08:03:44,JQ,8028,L,Any,Room.,REA,MR.,INT,207,162,45,11,11,8,45,20,346
2025-09-24,02:42:07,JQ,3252,L,Edg,Sort.,COS,THE,DOM,366,96,48,18,6,0,36,1,103
2025-04-20,02:14:52,JQ,8605,D,Eas,Miss.,CAR,SAY,DOM,261,218,39,25,19,5,33,15,355
2025-08-29,14:15:30,JQ,8269,L,Nor,Or.,STE,LAN,DOM,210,318,18,15,9,2,1,17,298
2025-09-12,11:51:42,JQ,2038,D,Pag,Glass.,ARE,TES,DOM,185,315,41,7,11,6,43,9,432
2025-03-23,07:13:46,JQ,2793,D,Eat,Happy.,BLU,BOO,INT,388,401,22,1,2,5,42,10,139
2025-07-31,21:47:28,JQ,9580,L,Not,Wall.,YET,GIR,DOM,227,107,42,18,6,9,38,20,377
2025-05-14,03:11:51,JQ,4331,L,Nic,As.,WIS,CUT,INT,159,120,0,3,25,1,2,19,358
2025-01-06,05:09:02,JQ,1398,D,Lef,Glass.,CIT,DEA,DOM,364,128,4,6,22,4,41,14,247
2025-10-02,19:23:46,JQ,2877,D,Act,Stay.,LOT,MY.,INT,113,200,18,0,10,2,2,8,338
2025-04-15,20:43:55,JQ,1539,D,Tes,Its.,FOR,TEN,INT,484,353,23,21,9,0,2,5,464
2025-08-31,02:03:55,JQ,2432,D,Sin,Ten.,IDE,BAB,DOM,200,438,27,3,2,5,4,2,497
2025-06-11,08:26:25,JQ,5755,L,Upo,Draw.,EYE,FUN,DOM,162,184,48,20,7,9,45,5,17
2025-09-02,15:02:19,JQ,3265,D,Car,Foot.,TES,ONE,INT,343,54,46,20,5,6,3,13,252
2025-10-20,08:13:13,JQ,4595,L,Fun,Left.,OFF,RAC,INT,414,247,42,19,7,5,17,13,413
2025-09-07,04:27:02,JQ,5335,L,Fou,Throw.,SON,CUT,INT,299,238,50,17,1,10,32,14,215
2025-08-12,16:47:14,JQ,6556,L,Tim,Fall.,ONT,DOO,INT,218,143,4,10,8,3,10,10,68
2025-08-12,20:12:44,JQ,3485,D,Wes,Day.,PAR,JOI,DOM,144,283,9,15,4,8,21,0,223
2025-07-04,14:11:09,JQ,4921,D,Car,About.,LEF,SO.,INT,199,451,19,17,21,6,27,10,438
2025-06-28,13:03:54,JQ,9553,L,Fiv,Tax.,MOR,WHE,DOM,270,145,22,20,7,8,47,0,64
2025-02-07,08:13:29,JQ,8806,L,Me.,Bar.,STO,NOR,INT,290,441,2,1,10,6,42,15,330
2025-08-23,04:28:32,JQ,2747,L,Saf,True.,EDG,NEE,INT,102,135,39,7,24,4,21,9,414
2025-04-09,07:40:53,JQ,8731,L,Cel,South.,NEW,MOR,INT,367,69,42,16,12,10,42,13,388
2025-03-06,01:24:06,JQ,391,L,Wha,Stop.,BAN,SEE,DOM,457,114,9,23,23,3,28,9,63
2025-09-13,19:48:16,JQ,1713,D,Ste,Team.,YAR,DAT,DOM,382,296,2,0,12,8,16,9,464
2025-08-02,18:50:32,JQ,3547,L,Cup,Vote.,SOO,MOV,DOM,392,367,34,3,11,4,13,7,496
2025-02-06,12:10:46,JQ,2976,D,Hav,Then.,BAG,MOS,INT,466,411,30,3,12,7,24,13,292
2025-07-21,09:12:03,JQ,4131,L,Wil,Music.,DRA,HOP,DOM,116,414,13,12,0,1,43,7,237
2025-07-09,21:27:26,JQ,7212,L,Ont,Play.,SIT,WHY,DOM,130,457,40,19,7,2,2,20,12
2025-12-11,05:28:51,JQ,6228,L,Bil,Grow.,DAY,CUP,DOM,173,162,10,21,2,7,2,7,119
2025-10-26,23:18:00,JQ,7416,L,Wor,Tax.,GOA,BAG,DOM,431,462,7,9,11,0,1,10,42
2025-12-26,19:00:59,JQ,9925,L,Do.,Admit.,PAS,THE,INT,471,70,18,11,16,9,33,19,137
2025-11-27,12:12:47,JQ,3328,L,Hop,Stop.,FUN,LAN,DOM,455,309,21,21,18,9,3,14,335
2025-11-02,10:13:48,JQ,8606,L,Set,Son.,HEA,SON,INT,444,343,44,13,3,0,28,19,238
2025-10-15,16:42:58,JQ,5063,L,Ove,Fall.,IF.,PM.,INT,221,21,19,6,8,4,22,2,36
2025-11-01,20:42:06,JQ,8328,L,He.,Grow.,TRU,EDG,DOM,498,317,19,21,25,4,28,17,285
2025-03-13,01:13:58,JQ,2394,D,PM.,Case.,LOO,IT.,DOM,105,430,23,12,7,10,33,2,211
2025-09-17,18:34:25,JQ,6734,L,Tak,Face.,TOP,JUS,DOM,136,288,30,7,25,7,47,1,494
2025-10-17,11:33:28,JQ,5695,L,Dee,Trade.,HOT,TOO,INT,500,91,29,0,0,9,29,18,83
2025-05-07,08:00:22,JQ,3485,D,Dog,Reach.,MOR,PM.,INT,307,207,11,2,25,10,35,20,368
2025-11-22,21:30:22,JQ,7726,L,Bag,Door.,IT.,IT.,DOM,184,46,3,2,2,0,2,11,296
2025-11-15,04:11:07,JQ,3537,L,Six,Role.,THE,TYP,INT,229,16,15,9,19,8,3,12,107
2025-09-07,06:34:21,JQ,1024,D,A.,Send.,BLU,TO.,DOM,469,222,29,25,12,8,15,20,474
2025-06-15,14:58:38,JQ,6244,L,Als,Down.,PAG,THU,INT,178,224,21,12,20,4,30,6,476
2025-09-29,15:19:08,JQ,5711,D,Tak,What.,SKI,MUC,INT,104,131,48,16,25,7,7,4,355
2025-05-29,17:05:01,JQ,8178,D,Boy,Guy.,EAC,LOS,DOM,249,283,0,9,19,3,5,13,307
2025-02-10,06:33:08,JQ,5266,D,Ove,Box.,PAG,HOU,DOM,488,123,44,21,18,4,48,3,452
2025-05-13,04:09:40,JQ,2193,L,Yes,Hold.,OUT,LAT,INT,256,247,31,23,0,8,21,6,444
2025-07-19,20:28:23,JQ,4954,L,Har,Face.,USE,SID,DOM,328,114,50,24,7,6,26,7,29
2025-05-16,23:53:43,JQ,1534,L,Nam,News.,ELS,US.,DOM,367,295,39,18,16,1,0,16,299
2025-12-05,12:05:11,JQ,8483,D,But,Him.,HAN,UNI,DOM,237,332,47,24,3,9,26,2,391
2025-06-03,01:27:19,JQ,6781,D,Bit,Goal.,FRO,HAI,DOM,125,387,6,2,12,9,17,18,42
2025-12-05,18:53:18,JQ,9771,D,Hug,Which.,TUR,FOR,DOM,357,240,50,11,18,2,34,9,98
2025-10-11,02:48:18,JQ,5705,L,Siz,Of.,FAR,SAY,INT,228,458,42,8,17,8,36,1,337
2025-04-01,04:02:41,JQ,3887,L,Far,Study.,OUT,JOB,INT,211,485,2,18,6,9,9,11,95
2025-05-10,09:20:15,JQ,521,L,Far,Easy.,FIL,HER,DOM,203,271,31,0,9,1,37,1,495
2025-11-08,00:00:13,JQ,9091,D,On.,Eight.,HOP,SAF,DOM,327,99,5,21,11,6,3,4,275
2025-01-24,14:25:30,JQ,2923,L,Fin,Head.,BEA,TES,INT,100,42,5,3,9,4,22,0,300
2025-06-16,11:52:05,JQ,2164,D,Now,Trade.,LEG,SUC,DOM,158,176,23,16,21,0,8,2,255
2025-12-26,18:16:56,JQ,5037,L,She,View.,SHO,JUS,DOM,263,47,9,9,15,7,13,13,205
2025-06-01,18:52:28,JQ,2324,L,Fou,Plant.,EAC,HOM,DOM,404,424,7,13,4,10,28,14,206
2025-06-08,23:53:26,JQ,6450,D,The,Heart.,HOL,AGO,INT,473,224,50,18,16,6,50,2,430
2025-01-05,07:26:56,JQ,6447,L,Ask,Tell.,ITE,LIN,INT,421,54,8,13,19,5,5,3,52
2025-03-27,15:50:00,JQ,3945,D,Min,Table.,WEL,MOS,INT,163,224,42,2,19,5,28,14,494
2025-11-17,20:02:29,JQ,2371,D,Dee,Know.,STE,SEL,DOM,371,313,48,21,8,3,40,12,456
2025-04-11,20:44:30,JQ,9806,D,Wor,Ten.,BES,RES,INT,289,134,28,2,3,3,23,0,320
2025-01-23,09:48:39,JQ,2627,D,Hav,Bit.,HAN,SO.,INT,370,126,45,8,5,7,25,4,138
2025-12-09,23:41:29,JQ,8714,L,Bea,Radio.,GAM,BAR,DOM,265,433,24,24,6,0,11,14,210
2025-06-15,03:52:08,JQ,8479,L,Han,Play.,SOR,HER,DOM,187,380,14,24,0,10,27,4,205
2025-11-30,05:47:12,JQ,2136,D,Tal,Day.,MUS,SEN,INT,433,465,41,2,19,7,26,11,58
2025-01-20,13:28:13,JQ,7245,L,Bit,Over.,DOO,YEA,INT,468,128,5,17,15,8,23,14,316
2025-02-06,05:23:57,JQ,3574,D,Gam,But.,A.,SEA,INT,119,388,17,2,24,10,41,12,304
2025-10-07,23:44:42,JQ,2556,L,Do.,Yard.,CAR,NEA,DOM,127,87,13,3,9,7,20,10,236
2025-01-15,16:46:26,JQ,8646,L,Non,Say.,LEA,KIN,DOM,461,34,0,15,19,4,38,8,258
2025-12-04,18:43:17,JQ,2890,L,Get,Glass.,HE.,HIS,DOM,299,124,23,6,8,2,10,10,234
2025-07-16,13:18:08,JQ,8271,L,Cup,Car.,COL,PUS,INT,166,168,1,13,6,8,13,7,412
2025-08-07,14:26:04,JQ,2046,D,Its,Day.,LIF,BED,DOM,402,444,40,14,0,10,7,1,352
2025-04-24,07:08:49,JQ,2633,D,Wal,Water.,HOW,YES,INT,197,259,48,14,19,1,13,16,419
2025-04-07,07:05:59,JQ,5414,L,Wal,Ago.,RIC,WAN,INT,475,173,27,13,8,8,35,15,338
2025-03-10,20:27:03,JQ,2865,D,Hot,Poor.,I.,INT,DOM,433,364,27,25,6,4,34,2,170
2025-04-22,13:45:13,JQ,3017,L,Too,Thing.,ADD,DO.,INT,439,202,9,20,4,5,18,6,121
2025-02-21,18:32:58,JQ,2444,D,Hea,Allow.,FLY,TYP,INT,228,421,23,18,6,9,31,2,357
2025-07-03,17:48:51,JQ,3681,L,Yes,Least.,KNO,MR.,DOM,327,378,47,24,0,1,22,16,427
2025-04-28,15:03:12,JQ,5615,D,Bas,Many.,DEA,MOS,INT,378,342,45,7,11,2,46,6,161
2025-04-24,07:18:11,JQ,4557,L,Wee,Most.,CEL,WIL,INT,260,306,7,15,21,3,21,8,117
2025-08-08,12:05:29,JQ,5955,D,Poo,Yard.,TRY,ITE,DOM,238,87,21,6,25,10,29,10,360
2025-09-15,12:32:25,JQ,242,L,Rul,Loss.,PLA,FAR,DOM,343,20,49,15,23,9,33,13,303
2025-03-18,15:47:22,JQ,3153,D,Bor,Gun.,WIL,LOS,DOM,303,458,11,21,7,5,42,15,330
2025-02-21,08:34:30,JQ,2512,L,Sel,Base.,TUR,WEL,DOM,279,364,32,0,15,5,13,3,477
2025-06-09,13:04:39,JQ,9671,L,Tha,Also.,FEE,ON.,INT,482,489,31,20,1,0,17,6,380
2025-12-27,00:52:11,JQ,6428,D,Pla,Or.,USE,EDG,INT,344,339,32,22,17,1,9,2,332
2025-10-28,03:36:53,JQ,3414,D,Cos,Deal.,MOR,BOR,DOM,138,412,28,6,3,1,45,20,128
2025-03-20,22:12:59,JQ,5465,L,Tes,Them.,SKI,TAS,INT,458,456,34,12,9,9,34,4,205
2025-11-03,03:42:48,JQ,2664,D,Sam,Of.,MUC,SIT,INT,108,133,14,16,25,0,46,20,474
2025-11-10,10:01:46,JQ,2980,L,Cup,A.,WHO,BEA,DOM,486,142,48,19,9,0,43,1,91
2025-04-27,05:35:06,JQ,1665,L,Fou,Same.,WHA,SEA,INT,163,425,2,12,14,6,14,6,230
2025-01-04,22:39:42,JQ,3892,L,Sam,Kind.,GIR,BAB,INT,224,425,16,7,9,5,41,10,444
2025-07-03,05:03:57,JQ,3253,D,Thu,Cup.,INT,LIN,DOM,416,462,42,5,25,9,19,17,455
2025-02-25,17:01:36,JQ,7622,D,Bac,All.,BOO,CAS,INT,376,442,29,3,13,8,43,0,26
2025-08-03,21:34:05,JQ,7532,L,Fin,Which.,EYE,BAL,DOM,404,209,45,5,16,3,15,16,479
2025-08-18,07:24:17,JQ,5597,L,Eve,Scene.,MIS,EAS,INT,447,81,2,16,11,1,30,15,25
