FLIGHT_CODE,DOMINTIND,FLIGHT_NUMBER,ORIGPORT,DESTPORT,AC_CODE,MOVEMENTTYPE,UACTUALDATE,UACTUALTIME,AC_REGO,ADULT,ADULT_ARRDEP,ADULT_TRANSIT,ADULT_TRANSFER,CHILD,CHILD_ARRDEP,CHILD_TRANSIT,CHILD_TRANSFER,INFANT,INFANT_ARRDEP,INFANT_TRANSIT,INFANT_TRANSFER,CREW,CREW_ARRDEP,CREW_TRANSIT,CREW_TRANSFER,FLTTYPE,GLMGNTCD,TERM,GATE,SECC,MTOW,CAP
QF,I,917,SAV,FAL,Two.,L,2025-06-08,14:28:03,FISH.,AD,75,24,44,CH,15,6,8,IN,18,2,3,CR,12,5,8,B,9,Animal.,Behavior.,TN,41185951.42,430
QF,D,413,WES,BAD,Bad.,L,2025-10-10,03:57:24,THIS.,AD,95,1,7,CH,19,0,15,IN,19,7,4,CR,3,7,5,R,6,Success.,Keep some.,TN,5292174.06,458
QF,I,3270,TAL,THE,Fish,L,2025-04-07,02:43:52,PAST.,AD,13,33,50,CH,23,7,9,IN,3,8,9,CR,0,10,8,T,5,Coach.,Ten.,TN,2656096.27,370
QF,D,6884,AWA,EAS,Stop,L,2025-07-01,10:00:56,HIM.,AD,18,43,50,CH,30,0,21,IN,0,9,6,CR,13,9,0,C,1,Close.,Pay.,TN,76506697.77,210
QF,I,1253,TER,PER,Lose,D,2025-12-03,15:17:37,ALL.,AD,51,12,30,CH,37,5,19,IN,14,6,5,CR,3,7,3,W,1,Result.,Green.,TN,43999592.07,103
QF,I,6622,TRU,ELS,By.,D,2025-12-12,00:37:19,CAN.,AD,19,0,4,CH,24,17,4,IN,5,1,10,CR,9,4,2,D,8,Kitchen.,Kitchen.,TN,99394680.89,205
QF,I,210,OPE,RIS,Easy,D,2025-09-25,09:17:10,AT.,AD,75,18,0,CH,6,23,8,IN,16,2,1,CR,12,0,3,O,7,Beat.,Whole.,TN,29912512.53,96
QF,D,2117,SKI,THA,Head,D,2025-08-10,11:26:52,SING.,AD,66,16,43,CH,27,6,21,IN,1,3,8,CR,14,10,5,W,8,Box.,Work.,TN,54478334.77,197
QF,D,6871,FUL,A.,Fish,L,2025-11-17,07:07:29,WELL.,AD,25,50,31,CH,6,12,21,IN,18,8,10,CR,4,10,4,R,3,Turn book.,Before.,TN,11836586.23,499
QF,I,8333,CAR,STA,Body,D,2025-04-21,07:22:05,WHY.,AD,80,37,42,CH,41,17,13,IN,4,8,4,CR,2,8,3,B,10,Industry.,Early.,TN,53212612.3,109
QF,D,5119,BOR,NEX,Size,D,2025-10-18,16:01:28,KNOW.,AD,63,27,3,CH,35,1,2,IN,1,3,0,CR,3,10,0,I,5,Pay.,Side.,TN,91392385.77,472
QF,I,5124,REA,SON,Hand,L,2025-05-18,04:21:31,TRY.,AD,81,23,21,CH,37,24,0,IN,4,4,1,CR,20,9,8,Y,10,Action.,Run.,TN,38248949.66,344
QF,I,2305,USE,MIS,Eat.,D,2025-03-19,17:16:05,OIL.,AD,77,36,14,CH,5,24,17,IN,2,5,0,CR,14,6,0,T,8,Finish.,Idea.,TN,60910653.18,386
QF,D,9762,LAS,TEN,Pull,D,2025-12-24,16:03:06,BED.,AD,22,41,3,CH,14,5,19,IN,11,2,9,CR,15,3,9,C,2,Read.,Reality.,TN,45802624.5,191
QF,D,4443,ADD,HAV,She.,D,2025-07-29,06:15:47,MEET.,AD,25,3,38,CH,20,15,17,IN,5,4,6,CR,14,0,9,R,1,As act.,Trouble.,TN,57832536.58,371
QF,D,6131,FAC,BOO,Need,L,2025-11-20,10:43:47,AGE.,AD,4,48,18,CH,17,5,25,IN,20,7,1,CR,0,6,2,O,10,Cold eat.,Mission.,TN,44172853.98,285
QF,D,2621,IDE,TAS,Say.,L,2025-05-06,16:27:19,AGE.,AD,49,47,4,CH,11,19,8,IN,16,10,10,CR,10,4,1,T,3,Score.,Red party.,TN,15608620.36,226
QF,D,1489,PUS,OFF,Cold,L,2025-06-17,16:33:43,PM.,AD,12,18,26,CH,16,0,15,IN,15,0,2,CR,20,6,1,M,1,South.,Right.,TN,96078306.42,393
QF,D,5456,OR.,SIG,Main,D,2025-07-27,16:14:36,SORT.,AD,95,12,48,CH,4,14,0,IN,14,5,0,CR,2,6,1,S,1,Dog.,About.,TN,27831044.79,387
QF,D,8597,BAL,NEW,Can.,D,2025-10-05,14:20:08,I.,AD,77,23,41,CH,14,7,12,IN,20,6,8,CR,6,0,1,L,9,Protect.,Must hear.,TN,11290058.26,438
QF,I,1726,OK.,MAN,Far.,L,2025-06-12,07:34:17,KEY.,AD,95,8,12,CH,48,13,17,IN,15,0,8,CR,12,9,0,A,4,Deal.,Respond.,TN,532799.02,284
QF,D,5870,DOO,OUT,Whom,L,2025-04-18,09:00:51,HEAD.,AD,78,35,35,CH,46,17,13,IN,7,3,7,CR,19,6,10,H,6,After.,Pass very.,TN,91747765.77,236
QF,D,6081,GOO,REA,Your,D,2025-10-15,17:42:20,PUSH.,AD,30,39,24,CH,23,10,8,IN,0,6,2,CR,18,2,1,B,7,Force.,Probably.,TN,52177028.15,413
QF,D,6115,IDE,LOT,Part,L,2025-11-13,12:58:34,FREE.,AD,14,36,35,CH,0,15,15,IN,17,9,6,CR,10,4,8,M,6,Democrat.,Use break.,TN,14471922.45,379
QF,D,106,MY.,SON,Ball,L,2025-10-03,22:44:17,HAIR.,AD,85,28,26,CH,34,19,5,IN,11,4,10,CR,15,5,7,U,10,Control.,Many draw.,TN,77673693.07,414
QF,D,7717,SAF,KNO,Hour,D,2025-06-04,22:21:35,THE.,AD,22,43,7,CH,3,20,22,IN,1,1,6,CR,16,3,3,F,1,Challenge.,Daughter.,TN,93686681.38,115
QF,D,6175,WAL,SEA,Also,D,2025-12-30,19:25:27,MRS.,AD,76,0,16,CH,5,6,15,IN,17,0,2,CR,16,0,5,B,6,Check.,Every.,TN,44468498.97,373
QF,I,8399,ONC,SEN,Who.,D,2025-02-23,01:51:44,WILL.,AD,75,1,18,CH,31,24,15,IN,3,10,5,CR,1,5,10,W,7,Develop.,Memory we.,TN,22436150.54,393
QF,I,9717,BOO,BAS,That,D,2025-07-22,08:04:59,PAST.,AD,30,24,29,CH,28,19,18,IN,2,7,3,CR,8,4,6,F,4,Middle.,System.,TN,90877655.63,389
QF,D,8124,MEE,LIV,West,L,2025-03-31,05:37:19,HIGH.,AD,63,25,12,CH,38,24,19,IN,8,8,10,CR,13,5,9,S,5,Notice.,Family.,TN,95249627.68,227
QF,D,304,LIV,YEA,Part,L,2025-03-28,14:27:18,FOUR.,AD,20,32,41,CH,26,12,14,IN,6,1,8,CR,2,8,3,U,9,Available.,Today.,TN,35511045.8,448
QF,D,728,CAR,HAL,Say.,D,2025-03-03,17:37:34,MRS.,AD,53,35,28,CH,30,7,24,IN,12,0,5,CR,11,8,2,O,6,Candidate.,Door.,TN,76198157.52,473
QF,I,2055,MAY,BIT,Way.,D,2025-02-02,18:31:15,FACT.,AD,29,27,28,CH,22,14,24,IN,11,5,0,CR,2,4,7,G,3,Mouth.,Small.,TN,54217767.37,328
QF,I,5327,YEA,LAT,Hair,L,2025-11-15,05:24:35,SHE.,AD,24,18,44,CH,31,16,4,IN,7,3,10,CR,11,1,9,A,3,Green.,Another.,TN,52398774.83,290
QF,I,1202,WE.,MAN,Me.,L,2025-05-22,06:00:42,PUSH.,AD,30,48,1,CH,33,22,20,IN,2,5,5,CR,18,4,6,B,7,Practice.,Drive low.,TN,39357735.32,423
QF,I,3450,HOL,FEE,Upon,D,2025-08-17,21:43:20,PLAY.,AD,62,0,36,CH,3,1,2,IN,13,10,7,CR,13,0,3,B,3,Attorney.,Itself.,TN,50236564.14,480
QF,I,4059,WAL,WHE,More,L,2025-08-20,07:41:10,FINE.,AD,5,10,42,CH,15,5,21,IN,11,2,8,CR,9,8,9,F,7,Education.,Look.,TN,19321413.77,340
QF,I,3890,OLD,RED,Hear,L,2025-05-26,16:26:14,YES.,AD,29,34,13,CH,5,19,11,IN,13,3,9,CR,8,9,1,B,3,Safe star.,By sit.,TN,43085198.27,69
QF,D,843,WHA,WAI,Sell,D,2025-03-23,17:46:10,MR.,AD,9,21,3,CH,1,8,23,IN,6,10,5,CR,10,8,7,A,2,Child.,Adult.,TN,42360127.38,119
QF,D,2976,TAK,MAI,Beat,L,2025-03-28,10:03:47,ONCE.,AD,97,0,27,CH,24,20,1,IN,6,7,2,CR,5,3,5,T,6,Section.,Need.,TN,69198216.61,391
QF,I,4845,FIL,OUT,Than,L,2025-11-26,00:23:05,RED.,AD,92,38,23,CH,6,5,14,IN,13,4,4,CR,6,1,0,L,10,Both.,Own every.,TN,33310460.65,229
QF,I,7299,ROA,ITE,Fish,L,2025-09-06,03:17:00,STAY.,AD,49,3,11,CH,21,12,12,IN,13,10,0,CR,11,1,0,W,4,Economy.,In.,TN,88571179.02,195
QF,D,1892,SON,NAM,Bill,D,2025-07-13,08:35:38,BIT.,AD,85,4,23,CH,42,13,13,IN,19,4,6,CR,18,8,6,E,9,Along.,Plan.,TN,25466223.22,232
QF,D,3371,ACT,JOI,None,L,2025-11-26,22:06:47,BIT.,AD,38,26,47,CH,50,11,17,IN,4,6,10,CR,5,3,3,M,10,Brother.,To wish.,TN,84433224.49,147
QF,D,757,A.,SKI,Can.,D,2025-07-22,08:50:32,BOX.,AD,18,43,46,CH,25,7,25,IN,0,7,0,CR,16,8,4,H,8,Political.,He tax.,TN,52334925.01,103
QF,D,5882,TEN,TES,Note,D,2025-03-10,10:32:36,NOW.,AD,10,21,30,CH,7,20,3,IN,1,4,7,CR,20,1,0,W,2,Avoid.,Smile.,TN,84909534.94,385
QF,I,9650,ADD,MAI,With,L,2025-03-26,14:20:21,ITEM.,AD,40,26,32,CH,46,13,20,IN,14,10,10,CR,8,0,8,B,6,Involve.,Top cost.,TN,96212617.09,471
QF,D,2484,FAC,PIC,One.,L,2025-01-17,13:25:49,HOPE.,AD,84,36,41,CH,37,11,21,IN,18,3,4,CR,17,9,5,W,5,Job.,Thousand.,TN,42173465.33,473
QF,I,5426,SIZ,IN.,Fast,L,2025-11-18,21:36:07,DROP.,AD,54,48,31,CH,1,15,0,IN,3,5,5,CR,17,4,8,T,4,Indicate.,Wish rule.,TN,26621124.94,441
QF,I,1826,MEE,TOP,Lot.,D,2025-07-24,11:05:14,ARM.,AD,49,22,50,CH,50,16,16,IN,6,9,0,CR,18,7,3,P,10,Star.,Once hot.,TN,60076189.59,116
QF,D,2525,PAS,MIN,Call,D,2025-08-28,17:48:46,NOW.,AD,1,41,4,CH,28,2,21,IN,11,6,3,CR,11,4,2,G,6,Edge.,Call.,TN,41535105.82,460
QF,I,4099,PLA,AIR,Five,L,2025-09-11,17:03:36,IF.,AD,96,44,41,CH,13,22,24,IN,8,8,7,CR,19,1,2,P,8,Forget.,Mrs might.,TN,38192782.48,498
QF,D,5143,MOV,TUR,True,D,2025-10-02,20:20:40,TELL.,AD,70,26,14,CH,13,1,8,IN,1,0,5,CR,15,7,6,Y,10,Rock.,About bad.,TN,35315044.91,88
QF,D,6777,NEE,OVE,Not.,L,2025-10-04,07:44:04,MAIN.,AD,56,23,9,CH,36,20,0,IN,20,7,7,CR,15,7,9,A,9,Him.,Wish fast.,TN,32570930.64,333
QF,D,5375,VOT,LIK,Deal,D,2025-01-22,11:44:56,CUP.,AD,72,1,0,CH,12,17,5,IN,8,0,7,CR,1,7,1,F,1,They.,Everyone.,TN,5213513.4,379
QF,I,5709,BAL,YES,That,L,2025-08-28,13:16:06,MEAN.,AD,13,35,37,CH,19,23,11,IN,20,5,5,CR,1,8,0,N,8,Question.,Bank.,TN,51730011.1,254
QF,D,6668,LOS,FIL,Site,D,2025-06-09,00:45:45,KEY.,AD,43,11,44,CH,10,8,25,IN,4,2,2,CR,12,9,8,O,4,As full.,Officer.,TN,4250063.78,394
QF,D,5093,REA,IN.,Him.,D,2025-06-03,13:56:21,BANK.,AD,48,20,13,CH,16,24,20,IN,14,8,3,CR,8,1,2,Y,8,Number.,Somebody.,TN,16679578.4,380
QF,D,7414,FUN,FIS,Fact,L,2025-06-14,00:59:24,KEEP.,AD,58,0,2,CH,3,20,4,IN,5,5,2,CR,15,6,6,K,6,Political.,Long.,TN,84550696.53,303
QF,I,6911,YOU,ON.,Sign,L,2025-12-23,08:26:20,WAR.,AD,66,7,2,CH,4,25,13,IN,7,7,9,CR,8,1,10,N,7,Question.,Actually.,TN,62168702.75,139
QF,D,640,YOU,TRI,New.,L,2025-11-01,15:35:19,HAIR.,AD,4,38,47,CH,9,21,5,IN,13,5,1,CR,0,0,9,E,5,Then.,Letter.,TN,4944665.1,496
QF,D,949,HOL,MRS,Eye.,D,2025-09-22,20:38:17,GUN.,AD,60,0,48,CH,26,4,10,IN,19,7,9,CR,6,0,0,H,8,Civil.,Event.,TN,64770926.94,326
QF,I,1237,FAS,WIS,Ask.,L,2025-04-26,11:59:52,HOPE.,AD,81,50,26,CH,28,20,3,IN,7,4,3,CR,19,2,0,S,3,Student.,Effort.,TN,53351434.84,168
QF,D,268,SKI,OF.,Sit.,L,2025-04-30,15:43:02,MEET.,AD,54,18,28,CH,50,17,1,IN,9,1,7,CR,2,7,4,S,5,Difficult.,Miss.,TN,61245044.21,184
QF,D,4465,HIT,LEF,But.,D,2025-04-25,11:49:23,THE.,AD,0,5,30,CH,27,18,8,IN,13,8,7,CR,0,5,10,W,9,Season.,Heavy.,TN,96186217.56,268
QF,D,4800,BAL,BAC,Rest,D,2025-01-09,14:10:47,TREE.,AD,65,20,25,CH,41,11,5,IN,12,9,4,CR,6,3,8,T,2,Deep.,Citizen.,TN,58241021.47,197
QF,D,9451,NON,FIV,Miss,L,2025-06-12,21:10:07,TWO.,AD,26,47,31,CH,44,8,10,IN,18,3,9,CR,1,2,9,L,3,Another.,TV fish.,TN,5552155.16,194
QF,I,4293,WEA,WIN,Past,L,2025-07-02,17:18:04,BUY.,AD,90,2,50,CH,36,8,4,IN,16,1,1,CR,0,7,3,W,10,Drive.,North.,TN,81155111.8,206
QF,D,2035,HER,PM.,Buy.,L,2025-01-08,03:41:24,BODY.,AD,21,27,17,CH,9,13,14,IN,5,9,8,CR,19,10,2,L,6,Easy.,Something.,TN,29563990.71,262
QF,I,4054,PAR,SET,Test,L,2025-09-09,06:23:05,BORN.,AD,35,34,20,CH,27,17,7,IN,4,4,7,CR,10,0,8,E,3,Place.,Join hand.,TN,59622277.15,294
QF,I,7964,THA,TEN,Page,D,2025-01-20,20:40:38,PUT.,AD,77,41,20,CH,13,1,16,IN,11,3,7,CR,18,1,4,C,3,Sure.,Take try.,TN,75792493.11,128
QF,D,2791,LOW,FRE,Food,D,2025-07-26,19:37:37,IT.,AD,36,28,29,CH,20,0,4,IN,6,2,3,CR,14,2,6,C,5,Action.,Record.,TN,71109425.41,194
QF,I,7431,FIN,WAL,Own.,L,2025-08-08,04:57:36,STEP.,AD,53,48,28,CH,9,8,11,IN,6,3,1,CR,10,7,0,O,5,Media.,Establish.,TN,30079835.6,100
QF,I,3925,MAI,TER,Nor.,L,2025-05-12,16:26:37,NO.,AD,47,4,12,CH,32,7,9,IN,13,8,3,CR,11,8,4,N,2,Quickly.,Upon.,TN,79602100.0,67
QF,I,9307,TAX,PAS,Onto,D,2025-03-24,02:14:32,HARD.,AD,24,36,7,CH,13,4,16,IN,2,10,7,CR,2,1,0,G,9,About.,Almost.,TN,30803014.28,274
QF,D,2613,IN.,WHO,Four,L,2025-08-26,21:13:22,VOTE.,AD,91,18,6,CH,22,9,6,IN,6,4,8,CR,15,2,2,C,1,Clear.,Ten here.,TN,88323025.96,98
QF,D,7318,SEA,TAS,Add.,L,2025-08-26,22:59:31,WHO.,AD,92,33,21,CH,14,6,3,IN,16,8,2,CR,13,7,9,B,10,Admit.,Eight.,TN,25382815.77,381
QF,I,5018,ONC,ALS,Us.,D,2025-06-03,09:53:18,IDEA.,AD,74,47,3,CH,38,5,16,IN,20,10,2,CR,3,10,6,I,3,Discuss.,Line type.,TN,93139345.49,317
QF,I,1595,TIM,WAL,She.,D,2025-08-18,23:51:47,PM.,AD,64,48,29,CH,43,13,0,IN,3,3,8,CR,13,6,6,T,8,Unit.,A theory.,TN,81008735.35,267
QF,D,6208,TOO,UNI,Girl,L,2025-02-18,11:58:45,THAN.,AD,48,5,39,CH,36,25,10,IN,12,10,8,CR,1,7,8,D,1,Remember.,Skin.,TN,14653724.99,345
QF,D,8769,BOX,VIE,Up.,L,2025-03-12,21:36:55,TAKE.,AD,8,18,47,CH,11,6,6,IN,3,1,4,CR,14,9,7,M,10,Popular.,To.,TN,11945533.48,116
QF,I,654,FIN,HIM,Free,L,2025-01-07,18:29:31,WHY.,AD,77,25,46,CH,41,15,13,IN,18,5,5,CR,5,6,5,N,3,Task.,Be break.,TN,11212041.05,147
QF,I,4773,GAM,BIG,Man.,L,2025-08-20,03:05:23,TIME.,AD,4,46,10,CH,48,11,20,IN,7,1,6,CR,16,0,2,M,8,Whom.,Hour rich.,TN,5953024.97,414
QF,I,1154,RES,ON.,Girl,D,2025-06-04,18:08:24,FINE.,AD,8,19,7,CH,50,18,25,IN,3,7,8,CR,9,9,1,E,9,Together.,Great.,TN,30835458.81,373
QF,I,8749,KEE,STE,Town,D,2025-08-21,19:18:41,PULL.,AD,80,16,2,CH,25,17,7,IN,9,8,5,CR,5,5,6,I,8,Theory.,Direction.,TN,58367527.11,395
QF,I,3634,OF.,WHY,Back,D,2025-01-20,21:35:37,DOWN.,AD,94,22,16,CH,38,8,9,IN,12,8,5,CR,8,7,9,F,6,Simply.,Out.,TN,57308401.46,221
QF,D,670,PER,FAS,Site,D,2025-10-22,10:28:57,MANY.,AD,83,50,3,CH,48,10,15,IN,5,9,7,CR,12,8,3,O,9,Read them.,With fear.,TN,42756548.89,316
QF,I,7076,HOU,YOU,Plan,L,2025-05-06,18:50:44,NOTE.,AD,28,35,0,CH,42,21,20,IN,2,10,1,CR,2,3,7,B,4,Research.,Wrong.,TN,22793060.61,233
QF,D,1855,OF.,BAB,Drop,D,2025-01-16,19:28:56,NONE.,AD,76,36,15,CH,35,21,1,IN,4,4,0,CR,9,3,1,M,8,Degree.,Find.,TN,75019363.41,331
QF,I,4789,THI,SET,Hard,D,2025-10-28,03:06:22,LET.,AD,51,6,28,CH,9,19,12,IN,17,2,10,CR,20,10,7,U,10,Ground.,Pressure.,TN,1943480.74,463
QF,D,8421,SHE,GOO,Fly.,D,2025-09-03,17:41:48,MEET.,AD,51,31,34,CH,2,5,18,IN,6,5,8,CR,18,9,10,L,7,Data.,Pretty.,TN,89667942.91,158
QF,D,6313,BY.,GAS,Page,L,2025-10-13,05:38:43,FEEL.,AD,75,5,12,CH,3,10,19,IN,9,2,2,CR,15,1,4,F,10,Medical.,Appear.,TN,75180186.44,270
QF,D,3658,ARM,TEA,All.,L,2025-12-15,15:15:24,SIX.,AD,87,18,24,CH,0,14,12,IN,18,4,2,CR,2,5,9,B,7,Career.,Hospital.,TN,49336399.22,166
QF,D,5284,TAX,PER,Top.,L,2025-05-05,17:19:21,DARK.,AD,74,16,39,CH,18,8,12,IN,5,3,4,CR,2,3,1,Y,7,Two great.,Avoid.,TN,1042935.37,285
QF,I,5075,SOR,KIN,Mrs.,D,2025-04-21,23:28:23,PUT.,AD,70,25,5,CH,25,21,5,IN,4,8,8,CR,20,7,5,U,2,Different.,With.,TN,77000362.88,77
QF,D,1957,SEE,RAC,Word,L,2025-09-01,22:30:16,GUN.,AD,67,42,9,CH,38,18,1,IN,11,5,5,CR,16,6,1,P,4,See each.,Dog.,TN,652575.03,331
QF,I,2589,FIN,NEE,In.,D,2025-09-02,18:35:49,WORD.,AD,94,28,3,CH,40,11,16,IN,12,1,0,CR,13,4,4,O,2,Budget.,Beat.,TN,91439577.37,156
QF,D,3160,MEA,MEA,Top.,D,2025-10-08,02:45:05,FIRE.,AD,73,48,4,CH,36,25,23,IN,9,9,0,CR,6,4,3,T,10,Box.,Fill.,TN,76695251.62,350
QF,I,373,STE,ON.,Less,L,2025-03-18,09:32:41,LET.,AD,67,34,45,CH,50,12,6,IN,3,7,1,CR,0,1,0,R,6,Several.,Result.,TN,49233653.41,427
QF,I,3585,TOP,BAR,Sign,D,2025-01-06,03:18:05,OFF.,AD,69,11,45,CH,25,3,21,IN,5,3,1,CR,8,7,5,D,6,Ok five.,Good hair.,TN,16321543.76,410
QF,I,1448,GOO,SHE,Tree,L,2025-05-28,11:25:57,ALSO.,AD,12,24,49,CH,11,8,7,IN,8,2,7,CR,4,2,8,N,1,Out film.,Agreement.,TN,21062499.26,310
QF,D,8542,BIT,AGO,Each,D,2025-07-23,06:35:32,DOOR.,AD,60,18,20,CH,37,3,22,IN,4,4,6,CR,4,1,5,S,8,Happy.,Can enter.,TN,43778184.4,75
QF,D,7698,GET,A.,Top.,D,2025-02-09,17:34:58,TASK.,AD,13,5,49,CH,18,12,10,IN,3,2,7,CR,8,5,7,S,2,Surface.,Really.,TN,59907315.05,470
QF,D,249,GRO,ELS,Meet,L,2025-05-07,22:53:27,TOWN.,AD,74,31,11,CH,27,25,18,IN,5,5,6,CR,2,10,1,M,2,Chair.,Idea.,TN,45914849.17,59
QF,D,5690,SKI,USE,Bill,L,2025-08-08,08:09:14,LEFT.,AD,78,1,12,CH,42,6,15,IN,2,6,4,CR,5,10,6,B,9,Hold body.,Able.,TN,41668173.87,99
QF,I,2429,SUC,YEA,Dark,D,2025-04-28,00:26:37,VOTE.,AD,73,29,22,CH,35,23,24,IN,7,9,6,CR,19,9,4,R,3,Amount.,Benefit.,TN,96063798.76,447
QF,I,3367,SAY,GET,Lead,D,2025-10-31,05:45:50,HEAR.,AD,54,12,45,CH,43,8,23,IN,2,8,8,CR,18,9,6,B,9,Eat live.,Allow.,TN,98440128.82,373
QF,I,9153,MOV,FAR,Stay,D,2025-03-05,14:08:42,HIGH.,AD,53,36,31,CH,43,18,11,IN,1,3,0,CR,17,6,7,B,2,Say.,Newspaper.,TN,84629154.85,497
QF,D,3851,BAD,TES,Need,L,2025-09-26,16:15:56,LOSS.,AD,15,9,32,CH,4,20,8,IN,15,8,3,CR,9,9,6,S,4,Western.,Among.,TN,60929344.11,150
QF,D,9686,FIV,NOT,Away,D,2025-05-01,21:47:07,PUSH.,AD,15,38,40,CH,47,3,12,IN,20,7,6,CR,6,5,5,G,3,Fund.,Listen.,TN,8794860.23,252
QF,D,3684,DOO,DAT,Near,D,2025-10-12,23:05:11,SAVE.,AD,98,45,27,CH,45,5,17,IN,0,9,3,CR,12,10,3,N,4,Region.,Figure.,TN,29234628.49,454
QF,I,3165,PUS,BED,Away,L,2025-03-22,10:09:14,TRUE.,AD,7,13,9,CH,10,3,11,IN,15,5,6,CR,1,6,0,P,3,Kind.,Write.,TN,62062895.13,466
QF,D,1163,AT.,OLD,Both,D,2025-03-09,08:06:09,YET.,AD,47,6,28,CH,46,22,18,IN,4,1,7,CR,12,2,1,O,5,Subject.,Paper.,TN,28100375.07,175
QF,I,2421,GET,RED,Make,D,2025-05-05,09:15:31,TIME.,AD,97,31,26,CH,18,25,19,IN,13,0,8,CR,3,8,10,T,9,Cover.,Various.,TN,54868317.31,361
QF,D,7622,AWA,NEA,Pull,L,2025-01-02,19:22:07,TIME.,AD,57,27,16,CH,27,15,25,IN,1,3,4,CR,5,6,3,W,6,Yard.,Step.,TN,57727649.94,447
QF,I,7999,ARE,TOP,Gas.,D,2025-02-08,05:49:13,SING.,AD,98,19,42,CH,29,14,1,IN,4,9,1,CR,4,8,10,G,4,Guess two.,Bad.,TN,34763039.02,131
QF,D,6964,AND,FEE,Tend,L,2025-06-24,22:31:28,TO.,AD,86,1,47,CH,34,0,1,IN,2,2,7,CR,7,2,9,O,1,Economic.,Wind into.,TN,46497379.5,440
QF,D,6584,SEA,LIF,Poor,L,2025-04-28,04:23:07,LEAD.,AD,48,28,47,CH,17,10,19,IN,11,6,8,CR,16,2,4,E,5,Foreign.,Seat wear.,TN,5328851.56,157
QF,D,1647,RUL,BAG,Know,D,2025-08-30,10:23:32,ALL.,AD,52,31,23,CH,16,13,8,IN,9,5,10,CR,20,4,3,T,1,Someone.,Near on.,TN,87720957.12,105
QF,D,9306,FUN,ART,Body,L,2025-12-16,13:02:50,LAST.,AD,70,43,24,CH,46,7,4,IN,9,1,0,CR,17,7,1,H,2,Computer.,Win these.,TN,35371765.3,174
QF,I,548,ARM,WHY,Six.,D,2025-06-24,02:11:36,YOUR.,AD,24,21,22,CH,37,25,11,IN,2,1,7,CR,2,1,8,U,10,Process.,Item.,TN,342258.72,437
QF,D,4371,CAS,BIT,Born,L,2025-09-10,21:04:25,NICE.,AD,45,40,42,CH,17,18,17,IN,6,10,1,CR,10,5,7,P,2,Young.,Game.,TN,80294670.85,483
QF,D,6291,DRA,HOP,Rise,L,2025-11-22,01:40:55,COLD.,AD,69,42,20,CH,50,3,15,IN,6,10,9,CR,18,5,4,W,2,Customer.,Little.,TN,1625786.05,272
QF,I,3130,MEA,MAK,Back,L,2025-09-19,10:09:54,HIM.,AD,7,26,41,CH,25,15,7,IN,5,9,2,CR,19,1,9,M,1,Material.,Step.,TN,34887120.92,277
QF,D,4663,FUL,RIC,His.,L,2025-08-29,12:15:49,JOB.,AD,16,29,17,CH,19,15,11,IN,16,4,1,CR,15,0,0,I,7,Painting.,Race.,TN,72022019.32,344
QF,D,7399,AND,HOM,Born,L,2025-08-05,06:23:45,TELL.,AD,40,48,22,CH,41,23,24,IN,16,5,4,CR,15,2,4,S,5,Show.,Despite.,TN,93189961.84,468
QF,I,3510,FIV,LIF,If.,L,2025-07-03,14:22:04,NEWS.,AD,90,16,28,CH,8,23,24,IN,14,4,10,CR,18,5,4,M,2,Side.,Quality.,TN,84755124.81,393
QF,I,5164,JOB,FEW,Do.,D,2025-09-06,12:09:48,FOR.,AD,36,4,33,CH,15,12,25,IN,10,7,9,CR,15,4,2,L,9,Car speak.,Test air.,TN,14304763.85,82
QF,D,6044,MAK,GIR,So.,D,2025-05-17,11:46:36,HIT.,AD,51,26,20,CH,20,1,24,IN,5,6,2,CR,5,6,7,R,7,Personal.,Inside.,TN,15137586.5,492
QF,I,2023,BIG,OUR,Able,L,2025-07-09,11:39:55,EACH.,AD,90,6,42,CH,7,25,20,IN,4,4,7,CR,19,0,5,F,2,Total.,Should.,TN,60314761.0,145
QF,D,4141,ITE,BOT,Do.,L,2025-04-05,13:15:14,BOX.,AD,94,29,14,CH,25,2,12,IN,9,9,10,CR,4,5,1,R,9,White.,Boy them.,TN,66398748.32,227
QF,I,1453,LES,HAR,Film,L,2025-01-28,21:06:52,LINE.,AD,95,24,17,CH,44,19,8,IN,8,7,10,CR,12,4,5,T,10,Name.,Bad.,TN,50557893.63,225
QF,D,4528,OFF,DEA,When,D,2025-12-04,19:29:12,ROAD.,AD,37,4,35,CH,19,13,9,IN,5,10,3,CR,8,7,5,F,4,Society.,Nature.,TN,7614784.3,162
QF,I,3101,PUT,FAR,Bag.,D,2025-03-04,07:04:12,AS.,AD,53,6,2,CH,11,25,21,IN,12,7,5,CR,10,8,4,S,6,Shoulder.,Ask stay.,TN,75894101.86,472
QF,I,4000,THA,WHA,Must,L,2025-01-18,11:47:16,SOON.,AD,99,14,0,CH,8,8,18,IN,18,10,6,CR,17,10,1,M,7,Article.,Item.,TN,96561596.29,275
QF,I,1408,RES,NON,Nor.,L,2025-11-10,11:43:15,REAL.,AD,59,14,7,CH,32,24,15,IN,16,6,2,CR,13,3,1,C,10,Various.,Standard.,TN,4538425.35,319
QF,D,9546,PAG,WHY,Ball,D,2025-07-16,16:45:07,THUS.,AD,62,31,36,CH,20,2,10,IN,5,0,6,CR,10,2,1,M,3,Tell.,Forward.,TN,27125990.04,465
QF,D,1665,HAI,ME.,The.,L,2025-02-26,22:12:03,SEEM.,AD,43,13,37,CH,43,13,13,IN,0,9,6,CR,20,4,6,E,3,Worry.,By.,TN,61871944.39,406
QF,I,911,HAI,ASK,All.,L,2025-11-24,01:47:17,THUS.,AD,77,48,41,CH,7,7,20,IN,0,1,10,CR,5,6,2,T,1,Artist.,Article.,TN,4426154.96,242
QF,D,9612,GO.,FIR,Yard,D,2025-03-20,15:36:27,HOME.,AD,88,48,32,CH,39,0,2,IN,11,10,0,CR,19,7,1,A,7,Current.,College.,TN,46096383.41,219
QF,I,2300,RAC,ROC,Most,D,2025-04-18,15:14:19,TV.,AD,56,25,41,CH,0,12,0,IN,10,7,2,CR,5,8,8,M,7,Ready.,Board.,TN,57901653.99,328
QF,D,5244,ARM,TAK,So.,D,2025-07-02,12:12:29,SIX.,AD,13,38,2,CH,12,23,10,IN,14,8,3,CR,1,7,8,L,3,Remain.,Story.,TN,98938398.5,417
QF,D,8783,DO.,FAR,Help,D,2025-06-14,02:33:34,SIGN.,AD,29,27,6,CH,48,7,19,IN,17,10,4,CR,9,7,0,H,3,Family.,Central.,TN,37894519.7,375
QF,D,2580,TIM,SIT,Too.,L,2025-02-05,13:07:32,OUR.,AD,44,6,17,CH,37,15,13,IN,9,9,5,CR,10,0,8,L,1,Including.,Player.,TN,66420448.45,137
QF,I,3584,MEA,JUS,Pull,L,2025-06-28,03:08:32,ROCK.,AD,19,7,15,CH,15,18,4,IN,19,0,4,CR,19,4,9,P,1,Learn.,Phone.,TN,85775416.34,455
QF,I,3788,FIL,SOO,Why.,L,2025-03-23,05:09:24,BUT.,AD,47,25,30,CH,28,18,15,IN,17,10,6,CR,1,8,1,E,7,Soldier.,Claim.,TN,80734165.46,319
QF,I,3043,TO.,WOR,Long,L,2025-11-13,16:01:27,GUN.,AD,40,9,9,CH,41,20,5,IN,11,3,9,CR,16,7,0,N,3,Medical.,Available.,TN,52568017.33,384
QF,I,4033,OWN,MIS,Body,L,2025-06-29,05:54:39,THE.,AD,78,33,22,CH,43,3,21,IN,1,5,3,CR,19,4,3,N,3,Three.,Send.,TN,96984160.0,209
QF,D,1257,KNO,MAN,Act.,D,2025-04-15,17:01:57,HIS.,AD,64,40,10,CH,36,1,1,IN,16,5,9,CR,2,3,7,N,7,Agreement.,Tree.,TN,1006586.07,446
QF,D,9177,KIN,FLY,Job.,D,2025-01-31,23:06:41,ONTO.,AD,48,23,5,CH,11,12,19,IN,15,7,9,CR,8,2,7,B,10,School.,Town.,TN,70600735.42,403
QF,D,8081,DO.,HOU,Move,D,2025-07-07,09:13:19,PICK.,AD,48,25,4,CH,12,0,16,IN,4,4,2,CR,9,0,1,W,2,Remain.,Cup.,TN,84287638.63,230
QF,I,2888,TEA,SOR,Law.,D,2025-10-15,21:06:02,UPON.,AD,87,19,50,CH,42,12,21,IN,10,9,6,CR,17,3,10,A,7,Take take.,Would.,TN,57343011.51,441
QF,I,9563,GOO,OVE,Leg.,D,2025-02-07,19:12:53,BASE.,AD,99,47,7,CH,23,10,22,IN,18,2,10,CR,12,7,4,B,5,Form two.,Bring you.,TN,71497613.16,71
QF,D,4673,GIR,MOS,Wide,D,2025-06-22,08:04:56,WELL.,AD,96,18,34,CH,0,22,12,IN,3,7,8,CR,19,3,8,F,5,Speak key.,Final.,TN,17472508.81,110
QF,D,3519,FAC,RIC,Its.,L,2025-08-11,10:36:57,WANT.,AD,0,23,17,CH,37,4,15,IN,11,9,9,CR,18,4,10,B,1,Morning.,State her.,TN,52235732.73,293
QF,D,8825,FOO,FAR,Baby,L,2025-09-29,20:59:48,PULL.,AD,50,39,23,CH,32,0,11,IN,13,1,1,CR,7,0,7,O,3,Section.,Back.,TN,78857839.16,336
QF,D,3984,ME.,A.,Way.,L,2025-02-14,15:04:30,US.,AD,69,50,48,CH,32,13,12,IN,9,7,8,CR,13,3,2,T,1,Test his.,Enough.,TN,97161407.85,305
QF,D,8921,HER,BUT,Role,L,2025-05-20,12:00:59,HOT.,AD,34,29,45,CH,25,10,10,IN,0,8,2,CR,13,10,7,T,8,Before.,Student.,TN,76614893.69,365
QF,D,409,GIV,BE.,Him.,D,2025-07-04,13:10:56,CAN.,AD,65,43,12,CH,38,10,17,IN,0,8,4,CR,1,9,8,T,8,Nature.,Role sit.,TN,74666871.62,444
QF,D,8627,YAR,GIV,City,L,2025-02-11,05:17:00,INTO.,AD,40,32,14,CH,29,23,10,IN,16,10,9,CR,8,10,5,V,10,Special.,Majority.,TN,78674951.33,78
QF,D,1505,THA,TUR,Must,L,2025-08-06,20:28:15,BED.,AD,42,13,5,CH,28,0,8,IN,18,9,6,CR,3,3,6,M,10,Sound.,Treat.,TN,89535497.77,343
QF,I,2993,OLD,CUT,Six.,D,2025-03-22,23:12:01,YEAH.,AD,6,50,2,CH,17,17,17,IN,12,0,7,CR,17,9,1,S,1,Player.,Arrive.,TN,27634816.68,471
QF,D,5950,MEA,ARE,For.,D,2025-03-17,16:21:38,WHY.,AD,64,25,10,CH,25,12,2,IN,17,5,4,CR,17,9,1,D,5,Above.,Kid.,TN,27963903.74,249
QF,D,8743,WAN,CAN,Open,L,2025-10-27,15:25:56,LAW.,AD,59,3,24,CH,0,18,20,IN,9,10,3,CR,2,7,7,F,10,Something.,Forward.,TN,55297292.63,405
QF,D,1929,AIR,YOU,Fact,D,2025-12-25,20:22:51,WIFE.,AD,19,43,3,CH,35,12,10,IN,9,0,9,CR,15,0,9,O,6,Chair.,Model.,TN,95963627.83,251
QF,I,5066,EAT,HUG,Gun.,D,2025-04-23,07:06:45,CALL.,AD,53,15,3,CH,8,17,8,IN,19,0,0,CR,11,6,9,P,6,More.,Body.,TN,97424353.92,241
QF,D,3683,SEL,RES,Stay,D,2025-08-17,23:32:39,CARD.,AD,32,39,37,CH,8,12,9,IN,20,9,8,CR,10,1,4,W,9,Site his.,Occur.,TN,62006679.22,50
QF,D,6392,HAI,BY.,Do.,L,2025-11-27,00:45:26,FORM.,AD,28,48,28,CH,16,3,4,IN,5,1,3,CR,3,6,0,A,8,Suddenly.,Firm head.,TN,13951883.5,496
QF,D,5498,FAC,HOP,Sell,D,2025-06-22,05:06:04,BLUE.,AD,84,34,3,CH,5,21,20,IN,3,1,7,CR,1,8,10,H,2,Just.,Fine.,TN,34019074.78,470
QF,I,353,THA,THA,How.,L,2025-03-01,23:00:17,TRY.,AD,76,24,0,CH,30,1,5,IN,19,4,1,CR,16,3,4,L,7,Clearly.,How view.,TN,79419316.82,77
QF,I,643,CAR,RES,Even,L,2025-05-02,07:00:41,BILL.,AD,36,13,4,CH,14,13,18,IN,11,3,10,CR,2,6,9,V,6,Ability.,Author at.,TN,29312285.17,232
QF,D,5228,WOR,TV.,Gas.,L,2025-05-23,03:03:49,MY.,AD,33,10,1,CH,15,10,13,IN,19,0,1,CR,3,7,5,W,6,Impact.,Heavy.,TN,98352374.98,302
QF,D,150,TEN,FOO,Them,D,2025-04-05,15:38:54,AGE.,AD,9,34,34,CH,2,2,22,IN,7,7,6,CR,18,8,7,I,3,Record.,Call yeah.,TN,40218165.81,226
QF,D,5406,TOO,TEN,His.,L,2025-12-23,07:06:18,WISH.,AD,3,10,29,CH,22,2,6,IN,5,3,7,CR,11,2,3,I,9,Near do.,Event say.,TN,68872593.47,268
QF,I,800,FAC,PAG,Lot.,D,2025-06-16,10:29:40,PULL.,AD,24,37,25,CH,48,21,13,IN,2,8,0,CR,8,10,7,L,1,Close.,Keep.,TN,81943911.03,295
QF,I,9597,HOL,SKI,Whom,D,2025-07-16,05:16:55,ITEM.,AD,45,48,15,CH,47,11,18,IN,0,5,2,CR,10,8,0,S,5,Beautiful.,Dog one.,TN,68027218.93,382
QF,D,7217,NO.,TEN,Seem,L,2025-12-16,19:00:52,TOWN.,AD,75,9,48,CH,11,0,1,IN,14,4,9,CR,6,2,7,M,8,Hear ask.,You young.,TN,34231817.01,273
QF,I,9257,BAR,WAY,Away,L,2025-02-13,02:39:58,BIT.,AD,26,38,31,CH,34,23,9,IN,12,2,4,CR,16,0,9,W,7,Because.,Where.,TN,57802358.49,446
QF,I,4312,ASK,PLA,Do.,L,2025-07-06,09:16:24,PUSH.,AD,83,26,34,CH,0,10,19,IN,16,7,3,CR,16,1,6,W,10,Matter.,Service.,TN,82094677.1,249
QF,I,6849,ELS,EYE,Be.,L,2025-01-09,18:46:19,OIL.,AD,78,21,3,CH,44,1,4,IN,15,8,0,CR,0,2,1,T,7,Contain.,Rather.,TN,31451459.17,480
QF,D,3477,FEA,TRU,Time,L,2025-02-20,00:14:49,HIT.,AD,19,46,19,CH,7,12,25,IN,17,5,2,CR,3,8,8,T,3,Fill live.,And.,TN,83464682.92,465
QF,D,2723,ARE,GOA,Leg.,D,2025-03-19,19:35:37,DEAL.,AD,51,1,4,CH,7,22,1,IN,16,10,2,CR,7,8,0,R,9,Walk.,Treat.,TN,54818184.63,304
QF,D,7736,TRE,BIT,News,L,2025-02-18,16:20:08,NOT.,AD,99,17,20,CH,19,1,4,IN,17,7,8,CR,16,8,1,T,1,Wonder.,Growth.,TN,24708186.21,426
QF,D,7709,MOS,OFF,Week,D,2025-02-13,19:27:55,ANY.,AD,85,1,40,CH,34,1,5,IN,1,8,2,CR,6,5,7,N,4,Treatment.,Employee.,TN,13068758.42,120
QF,I,193,COS,MOR,Only,D,2025-05-28,15:16:09,PASS.,AD,91,30,39,CH,20,25,7,IN,20,0,9,CR,1,8,10,A,7,Small.,Hold.,TN,43772488.86,444
QF,I,2380,FOU,FOO,Care,D,2025-01-13,14:26:27,HOLD.,AD,7,15,10,CH,34,17,13,IN,3,3,3,CR,19,6,4,G,1,Quality.,Field.,TN,36633678.28,431
QF,I,6583,WES,LAY,Fund,D,2025-12-29,04:02:26,WORK.,AD,0,40,21,CH,26,18,24,IN,14,7,1,CR,6,10,3,B,6,Rule head.,Exist.,TN,67457843.86,492
QF,D,9958,FIV,CAR,Just,L,2025-05-31,00:23:26,SAME.,AD,38,3,15,CH,47,20,5,IN,15,10,5,CR,11,4,5,M,6,Food.,Hour.,TN,91833433.65,469
QF,I,4506,SIT,CUP,Thus,L,2025-04-14,23:37:32,MOVE.,AD,58,34,8,CH,35,21,12,IN,0,7,2,CR,18,7,1,F,1,Case lay.,War she.,TN,69494130.83,360
QF,D,2289,CIT,HIG,Box.,D,2025-02-25,01:21:11,TOP.,AD,75,29,27,CH,33,5,1,IN,20,2,10,CR,8,8,10,B,2,Method.,Probably.,TN,53465342.41,174
QF,D,6607,BOO,PUL,Run.,L,2025-10-14,03:31:52,FALL.,AD,93,23,34,CH,48,22,4,IN,7,10,10,CR,8,4,2,T,6,Serious.,Condition.,TN,38354688.85,236
QF,I,4651,LIF,YEA,Fill,L,2025-12-12,13:31:51,COLD.,AD,48,43,42,CH,41,20,0,IN,6,4,4,CR,1,3,2,W,10,Your his.,Ability.,TN,32869532.6,220
QF,I,4857,HEA,BIL,This,D,2025-12-13,23:47:44,STAR.,AD,0,39,2,CH,49,1,8,IN,6,4,0,CR,18,10,4,W,10,Sense now.,Hit.,TN,2005989.34,116
QF,D,8420,LOS,JUS,Want,L,2025-02-25,15:52:56,YEAH.,AD,37,1,35,CH,40,13,13,IN,14,8,7,CR,9,3,0,S,1,Card near.,Anything.,TN,60218967.95,148
QF,I,2103,MEE,THE,Area,D,2025-12-14,11:50:56,SIX.,AD,42,50,35,CH,39,2,11,IN,13,6,6,CR,16,10,10,O,5,Stop.,PM.,TN,75912933.45,495
QF,D,6842,LOW,WAI,Edge,D,2025-02-15,23:04:40,MUCH.,AD,54,20,28,CH,26,17,6,IN,15,5,0,CR,11,6,10,W,1,Picture.,Mention.,TN,63273326.74,410
QF,D,5791,LIS,BE.,Air.,D,2025-08-22,23:29:56,LIFE.,AD,83,35,6,CH,23,6,23,IN,1,1,8,CR,1,6,3,L,6,Dream.,Detail.,TN,79066964.28,135
QF,I,2008,BY.,EDG,Who.,L,2025-11-26,09:33:06,DOG.,AD,99,23,18,CH,2,16,21,IN,10,6,7,CR,11,9,2,B,7,Night.,Play.,TN,46857759.36,480
QF,I,6310,WHO,WIN,Case,L,2025-12-18,00:24:42,LAST.,AD,70,20,37,CH,36,25,25,IN,2,9,2,CR,6,1,10,W,9,History.,Work goal.,TN,8871359.7,52
QF,D,6566,FAS,TWO,Save,L,2025-11-03,23:43:54,WORD.,AD,15,33,29,CH,42,8,5,IN,7,2,0,CR,12,7,8,O,9,Develop.,Bring.,TN,99799204.54,106
QF,I,3271,SAF,FIV,Set.,L,2025-12-22,00:31:42,SOON.,AD,69,25,20,CH,11,4,8,IN,10,4,6,CR,4,5,0,T,10,Across.,Though.,TN,67804304.74,141
QF,D,4184,SIN,LIS,Know,L,2025-09-01,08:07:34,WEST.,AD,69,21,48,CH,12,4,1,IN,12,3,9,CR,17,5,10,W,1,Under.,Community.,TN,30114014.68,186
QF,I,9937,PIC,HER,It.,L,2025-01-16,00:05:08,ART.,AD,79,28,38,CH,1,4,0,IN,19,2,8,CR,2,4,8,O,1,Easy wish.,Them.,TN,39178376.66,180
QF,I,3127,WIS,ON.,Let.,D,2025-12-25,04:42:09,FULL.,AD,36,29,8,CH,49,9,18,IN,12,5,7,CR,2,4,10,H,7,Enter.,Across.,TN,2856611.42,62
QF,D,657,SAF,WEL,With,L,2025-11-30,02:41:28,LAST.,AD,49,15,24,CH,41,5,7,IN,0,10,7,CR,4,7,1,L,1,Specific.,Bar.,TN,43368150.75,481
QF,D,4215,SON,BOO,Mrs.,L,2025-08-03,10:02:11,MAY.,AD,21,49,46,CH,34,17,8,IN,17,6,10,CR,19,2,6,W,7,Agency.,Stuff I.,TN,2173278.57,119
QF,I,7808,TYP,SIT,Unit,L,2025-10-22,09:18:09,WIND.,AD,17,44,9,CH,8,1,1,IN,10,10,5,CR,17,9,3,C,9,Wear.,State.,TN,47229277.98,87
QF,D,3837,UPO,YOU,Area,L,2025-09-27,10:33:21,ELSE.,AD,26,40,13,CH,15,16,20,IN,17,10,2,CR,9,8,6,T,6,Because.,Apply.,TN,50835769.8,473
QF,D,545,BAL,SOO,Skin,L,2025-05-27,12:36:44,WHEN.,AD,8,19,33,CH,49,17,13,IN,12,7,2,CR,12,5,0,N,1,Reality.,Represent.,TN,47751899.89,427
QF,D,1900,YET,BUT,Can.,L,2025-09-20,05:17:01,BOTH.,AD,88,36,17,CH,46,24,14,IN,11,9,2,CR,2,1,10,W,8,Exactly.,Town bed.,TN,80505421.31,87
QF,D,8864,YOU,CAR,Them,D,2025-11-24,14:28:41,ASK.,AD,10,18,9,CH,43,13,22,IN,11,5,3,CR,9,3,6,F,6,Young.,Nation.,TN,32468857.39,55
QF,I,5359,FOR,ONC,Call,L,2025-11-04,20:26:33,LAND.,AD,51,40,4,CH,0,23,8,IN,4,0,7,CR,10,9,4,T,4,Resource.,Night.,TN,84326217.82,481
QF,I,1449,TV.,BAR,So.,D,2025-06-15,10:27:59,ITS.,AD,65,27,36,CH,21,21,12,IN,2,0,7,CR,0,1,0,T,4,Use.,Green for.,TN,91292536.49,174
QF,I,1642,AT.,LEF,Top.,L,2025-11-14,08:16:17,HOT.,AD,48,40,21,CH,14,13,4,IN,5,4,4,CR,4,1,9,M,2,Summer.,Election.,TN,69974357.66,451
QF,D,9474,BOR,YAR,Firm,L,2025-12-26,22:45:46,WIN.,AD,85,43,46,CH,6,9,7,IN,12,10,3,CR,18,0,9,P,2,Rest.,Bit think.,TN,20041089.82,471
QF,D,6393,GUY,FEA,Bad.,L,2025-12-24,14:57:20,TIME.,AD,22,34,1,CH,49,17,8,IN,8,6,5,CR,20,5,7,R,9,Approach.,Control.,TN,4225875.41,420
QF,D,8998,THI,BUY,Sell,D,2025-12-26,23:24:41,SONG.,AD,21,35,8,CH,37,9,5,IN,14,5,10,CR,4,9,9,P,4,School.,Player.,TN,32834463.18,446
QF,D,8095,BAR,HOP,Must,L,2025-06-23,19:15:16,ADD.,AD,39,38,19,CH,6,15,17,IN,13,5,2,CR,8,3,7,T,1,Book.,Tell.,TN,60110904.94,227
QF,I,4089,IT.,NEX,Tree,L,2025-01-04,08:28:55,AND.,AD,33,42,48,CH,39,19,20,IN,7,10,6,CR,20,1,10,A,7,Appear.,Piece.,TN,88728160.61,224
QF,I,1520,TAL,NOW,Join,L,2025-01-05,20:28:23,BANK.,AD,11,24,28,CH,46,23,25,IN,3,6,2,CR,0,7,10,M,10,Mind.,Wide some.,TN,42095652.57,271
QF,I,9453,ITS,FEA,Term,D,2025-02-28,14:19:23,SEND.,AD,32,29,0,CH,10,8,10,IN,3,9,1,CR,14,3,4,S,3,Many turn.,Lawyer.,TN,68033845.92,324
QF,D,963,REA,BIG,Many,L,2025-09-08,13:22:24,GAS.,AD,66,27,45,CH,31,25,21,IN,1,7,5,CR,6,6,0,F,9,Long do.,Little.,TN,97512820.66,134
QF,D,7159,ELS,FAR,Pass,D,2025-09-28,17:06:14,LEAD.,AD,63,27,49,CH,4,22,21,IN,18,7,4,CR,9,6,3,T,2,Watch.,Check.,TN,95385460.19,371
QF,D,9276,FRE,CEL,Yard,D,2025-10-15,13:11:51,TOO.,AD,41,44,1,CH,31,6,22,IN,9,1,4,CR,15,0,4,Y,5,Culture.,Situation.,TN,99958764.35,475
QF,I,9245,LOW,CAR,Less,L,2025-02-11,06:27:19,NONE.,AD,49,14,24,CH,50,24,19,IN,6,3,3,CR,11,0,5,M,10,Bag adult.,Heavy.,TN,24395838.48,189
QF,D,2355,MEA,FLY,Top.,L,2025-06-27,10:12:12,NAME.,AD,33,8,4,CH,30,9,15,IN,4,0,1,CR,20,8,3,S,5,Involve.,Available.,TN,89605114.74,287
QF,D,4862,ANY,NIC,Stop,L,2025-02-11,15:16:50,SONG.,AD,98,48,31,CH,44,18,11,IN,12,1,8,CR,2,6,7,C,10,Call.,Short.,TN,41985227.73,176
QF,I,3921,FIR,RED,Pick,D,2025-12-01,00:44:58,OIL.,AD,83,38,11,CH,46,22,18,IN,10,2,6,CR,9,9,0,Y,7,War drug.,Yet.,TN,58273887.93,427
QF,I,2002,RAT,FOR,Give,D,2025-02-04,22:56:35,US.,AD,15,17,19,CH,32,20,23,IN,7,7,4,CR,6,6,4,H,4,Thing.,Once.,TN,49735188.58,247
QF,D,9683,JOB,YEA,Here,D,2025-05-22,02:12:57,LIFE.,AD,33,26,42,CH,21,0,4,IN,8,4,10,CR,5,6,9,S,3,Guy.,Charge.,TN,68312951.37,480
QF,D,4538,LEF,SUR,Name,L,2025-03-26,06:07:43,GAME.,AD,62,26,44,CH,36,15,10,IN,5,9,9,CR,3,3,9,O,1,Cup eight.,Necessary.,TN,42915855.93,319
QF,D,2049,SEA,OIL,Also,D,2025-03-02,21:09:53,UP.,AD,90,17,40,CH,11,15,19,IN,12,8,4,CR,0,5,0,A,1,Guy.,Central.,TN,35152661.67,190
QF,D,1116,HER,RIS,To.,D,2025-03-22,15:12:09,OLD.,AD,64,9,10,CH,50,12,18,IN,12,10,10,CR,19,10,3,J,5,Religious.,We whole.,TN,99053294.79,92
QF,I,7045,FOR,EVE,Seek,L,2025-03-11,22:25:33,OUR.,AD,66,34,31,CH,45,20,24,IN,16,10,5,CR,11,7,0,W,10,Sign.,Cause.,TN,69850274.69,430
QF,I,6693,LEF,NAM,Main,L,2025-01-15,08:33:45,HOPE.,AD,89,4,30,CH,3,22,7,IN,14,3,6,CR,11,9,0,D,6,Far easy.,White.,TN,57024560.92,284
QF,I,6712,EVE,WIN,Gun.,L,2025-02-25,06:47:27,LONG.,AD,59,25,25,CH,28,7,13,IN,19,7,8,CR,19,1,6,S,8,Put trial.,Place.,TN,31313479.29,227
QF,D,7395,VOT,EDG,Whom,D,2025-10-05,08:00:50,THE.,AD,91,47,35,CH,36,10,19,IN,0,1,1,CR,15,0,4,A,10,Thus.,Including.,TN,44600204.0,388
QF,D,2840,FEW,PIC,Role,D,2025-10-21,11:43:42,GROW.,AD,53,23,15,CH,18,10,10,IN,15,4,6,CR,14,4,2,L,6,Maybe.,By phone.,TN,38991748.82,432
QF,D,3273,OK.,MOR,Part,D,2025-08-19,04:29:04,WHEN.,AD,80,28,28,CH,9,13,4,IN,11,2,6,CR,11,3,7,A,2,The again.,Father.,TN,58083864.72,186
QF,I,1349,BOO,HIG,Else,D,2025-05-03,06:45:42,BASE.,AD,44,30,49,CH,16,11,3,IN,10,9,8,CR,15,10,4,D,4,Employee.,As a.,TN,77842423.67,112
QF,D,8786,LAN,ROO,Job.,L,2025-03-20,14:13:38,NOR.,AD,74,8,32,CH,36,13,4,IN,2,10,5,CR,0,4,3,W,7,By.,Carry.,TN,52942947.42,162
QF,D,6295,LES,BOT,Song,D,2025-08-15,16:41:27,SOON.,AD,99,0,14,CH,45,4,18,IN,3,4,4,CR,4,5,0,S,3,Sure us.,Suddenly.,TN,87744744.97,324
QF,D,596,NOT,EAS,Good,L,2025-12-24,11:05:03,BOOK.,AD,59,8,14,CH,13,15,14,IN,2,5,3,CR,0,1,3,M,4,Memory.,Force.,TN,82082228.19,217
QF,D,9725,SIT,CIT,Feel,D,2025-08-29,10:09:24,DO.,AD,37,37,9,CH,48,20,16,IN,8,3,2,CR,17,9,2,U,5,Century.,Perform.,TN,29065660.7,390
QF,I,5260,SIZ,LES,Seat,L,2025-03-22,19:17:28,HELP.,AD,92,7,45,CH,46,12,10,IN,8,2,3,CR,18,9,8,C,5,Detail.,Admit.,TN,93309885.49,475
QF,D,9578,BOY,FEA,Eye.,D,2025-11-08,09:17:19,HOW.,AD,10,29,5,CH,46,13,23,IN,0,8,9,CR,1,5,6,T,10,Paper.,Plan.,TN,7018090.95,330
QF,D,3860,YAR,ROO,Law.,D,2025-11-06,09:51:05,MY.,AD,97,43,48,CH,3,12,21,IN,9,8,10,CR,13,4,6,S,9,Tend fund.,Be style.,TN,67883996.19,137
QF,I,2164,FAL,BUY,Home,D,2025-11-03,11:04:34,EVEN.,AD,78,43,48,CH,28,17,13,IN,8,0,2,CR,4,9,10,E,9,Film.,Heavy.,TN,15012981.97,446
QF,D,302,SO.,SHO,Best,D,2025-03-13,15:33:19,THEY.,AD,87,35,32,CH,24,9,7,IN,6,3,3,CR,1,10,7,I,1,Throw or.,Two more.,TN,8922503.76,378
QF,D,6832,TV.,SIG,Hand,L,2025-07-19,01:33:10,CUP.,AD,25,33,44,CH,37,5,23,IN,3,7,3,CR,9,3,7,W,9,Character.,Either.,TN,71365979.17,343
QF,D,6455,HIT,LOO,Year,L,2025-07-17,20:05:19,OR.,AD,66,31,41,CH,14,8,21,IN,19,6,6,CR,6,3,0,O,7,Worry.,Involve.,TN,69918142.15,205
QF,I,6429,GUN,OFF,Deal,L,2025-09-10,06:11:51,FORM.,AD,77,15,22,CH,45,25,19,IN,14,5,3,CR,17,7,0,S,8,Friend.,Lawyer.,TN,17554737.76,445
QF,D,6245,CIT,HER,Make,L,2025-03-07,05:59:16,THEN.,AD,91,14,9,CH,11,18,2,IN,13,4,5,CR,18,0,9,O,2,Such wait.,Property.,TN,86945173.39,215
QF,D,5440,PAG,REA,Fear,L,2025-10-28,13:19:31,FOOT.,AD,3,4,21,CH,7,1,2,IN,3,1,10,CR,7,4,8,L,8,Deep left.,Him.,TN,60951053.29,209
QF,I,5063,WAR,WHO,Wide,L,2025-10-31,11:21:38,HIGH.,AD,24,37,39,CH,6,23,15,IN,1,3,7,CR,14,10,7,C,6,Paper.,Open.,TN,77575116.29,95
QF,I,2340,WAL,FIR,Let.,D,2025-11-22,03:06:27,ME.,AD,39,22,42,CH,9,0,21,IN,15,1,8,CR,2,7,3,H,8,Open.,Wonder.,TN,1366196.74,490
QF,I,9206,DRO,FOU,Off.,L,2025-09-15,17:27:48,GAS.,AD,95,26,34,CH,28,25,15,IN,2,10,6,CR,9,6,6,E,10,Support.,Since.,TN,25906706.0,473
QF,I,5968,MAN,FIR,Task,D,2025-06-21,14:22:54,BANK.,AD,26,37,47,CH,15,9,18,IN,3,2,0,CR,1,4,0,R,1,Last.,Here.,TN,16138501.81,77
QF,I,3737,HIG,OUT,Miss,D,2025-07-18,01:22:36,WEEK.,AD,32,33,15,CH,24,20,25,IN,14,0,9,CR,3,6,1,I,6,Suffer.,Same my.,TN,58569146.68,322
QF,D,3207,TO.,STA,Ever,L,2025-12-05,15:33:38,REST.,AD,12,27,17,CH,34,22,2,IN,8,9,3,CR,8,7,8,T,9,Personal.,Positive.,TN,62645773.99,201
QF,D,5654,HUG,ONC,Drug,L,2025-03-02,15:42:25,YOUR.,AD,97,32,25,CH,24,23,1,IN,19,4,1,CR,6,5,5,G,10,Him.,Still.,TN,31460686.39,327
QF,D,2036,REA,TUR,PM.,L,2025-07-03,07:11:27,LATE.,AD,10,43,24,CH,42,15,22,IN,7,7,2,CR,5,8,10,L,2,Knowledge.,Ground.,TN,5158969.58,332
QF,I,7594,EVE,ITE,Act.,L,2025-01-12,18:21:17,FILL.,AD,23,20,11,CH,41,15,21,IN,7,9,1,CR,8,10,8,B,6,Hear keep.,Rest door.,TN,62963283.64,482
QF,I,1350,ELS,TAS,Head,L,2025-03-25,00:04:53,FINE.,AD,35,17,45,CH,23,14,5,IN,6,7,1,CR,8,1,9,T,5,Item cell.,Although.,TN,90222918.69,62
QF,I,603,TRU,LET,Rise,L,2025-01-30,13:43:22,BIG.,AD,95,43,8,CH,46,16,25,IN,19,5,3,CR,11,5,7,T,5,How push.,They half.,TN,2178331.4,96
QF,D,1058,TIM,FIR,Risk,D,2025-07-27,12:31:02,PART.,AD,63,18,14,CH,48,15,9,IN,18,3,8,CR,16,3,6,L,8,Season.,Occur.,TN,33620990.88,158
QF,I,1953,FIN,BOD,Well,L,2025-05-11,02:06:57,BAR.,AD,12,32,45,CH,42,21,15,IN,11,10,6,CR,10,7,6,B,6,Why worry.,Join.,TN,33254749.01,140
QF,I,1228,HUG,SEE,Able,L,2025-03-09,04:40:49,NONE.,AD,34,18,45,CH,40,14,21,IN,9,4,7,CR,9,3,10,K,3,Edge.,Lawyer.,TN,82988077.87,407
QF,D,9002,FOO,FOR,Ever,D,2025-09-30,03:29:15,HUGE.,AD,49,4,42,CH,36,22,18,IN,12,0,10,CR,3,2,1,M,10,Main game.,Wrong.,TN,38876556.99,130
QF,I,937,YOU,LIN,Lose,D,2025-07-28,09:43:26,TERM.,AD,43,3,20,CH,49,25,8,IN,16,4,8,CR,9,3,2,O,2,Meet.,Look.,TN,62534507.86,120
QF,D,2850,SIT,BAG,Loss,L,2025-01-07,19:36:40,INTO.,AD,19,38,11,CH,40,15,24,IN,6,9,4,CR,14,6,10,R,10,Fire.,Trial.,TN,52862394.21,253
QF,D,7656,KEE,FOO,Want,D,2025-12-30,20:01:37,LET.,AD,79,3,4,CH,26,20,22,IN,20,9,9,CR,7,2,3,T,5,Table.,Color.,TN,89421676.56,234
QF,D,7854,WOR,TYP,Risk,D,2025-12-27,20:40:31,HOLD.,AD,81,22,19,CH,29,10,16,IN,15,0,0,CR,15,10,0,S,8,Court.,Learn.,TN,26256065.13,118
QF,D,3588,HAL,STA,Type,L,2025-01-19,06:45:49,TELL.,AD,84,8,17,CH,38,24,13,IN,10,0,6,CR,3,10,8,E,8,Increase.,Early.,TN,16329881.07,176
QF,D,7459,HIG,NOT,Oil.,D,2025-09-16,16:15:33,SKIN.,AD,39,11,45,CH,48,13,19,IN,19,9,6,CR,19,4,7,U,8,Of.,Remember.,TN,79776213.66,371
QF,I,2698,FIR,LIN,Once,L,2025-05-13,13:23:47,PUT.,AD,86,37,5,CH,45,2,8,IN,11,9,9,CR,8,2,3,P,8,Street.,Race ok.,TN,68729153.44,315
QF,I,7499,IT.,BE.,Pull,L,2025-03-03,23:21:09,MEET.,AD,72,3,33,CH,17,19,18,IN,17,6,8,CR,4,8,3,O,9,Training.,Right.,TN,93449755.49,193
QF,D,3124,VER,NOR,Will,D,2025-04-14,02:47:32,HAVE.,AD,74,29,30,CH,9,23,6,IN,3,2,5,CR,20,3,10,T,2,Final.,View less.,TN,60301337.06,475
QF,D,7332,FAR,AWA,Sign,L,2025-02-26,21:00:24,IT.,AD,79,8,46,CH,35,15,20,IN,5,3,0,CR,16,0,2,R,4,Remain.,Set court.,TN,87743805.04,336
QF,I,7040,FIS,SUR,Week,L,2025-11-28,21:14:58,WHOM.,AD,80,29,40,CH,19,17,20,IN,0,3,2,CR,19,1,10,S,5,Woman.,Much.,TN,74184101.99,89
QF,D,7054,PIC,HOM,I.,L,2025-07-25,10:53:50,MEET.,AD,64,30,18,CH,1,21,22,IN,4,5,2,CR,7,4,10,R,7,Out data.,Total.,TN,88355842.85,466
QF,D,5690,A.,SOO,Such,D,2025-02-18,08:26:34,WAIT.,AD,51,24,45,CH,5,1,14,IN,2,6,0,CR,11,10,8,N,2,Education.,Them.,TN,12509289.88,490
QF,D,653,A.,EYE,Race,L,2025-01-10,08:35:39,GAME.,AD,2,27,38,CH,8,4,23,IN,0,4,7,CR,5,7,4,N,5,Job near.,Man wide.,TN,22236700.23,89
QF,D,6806,SAV,FIV,West,D,2025-04-08,07:36:37,ME.,AD,56,45,24,CH,35,2,20,IN,6,5,3,CR,8,10,9,N,7,Will.,Outside.,TN,23458863.82,172
QF,D,3074,YET,MOR,Big.,D,2025-04-06,21:39:14,YES.,AD,100,27,23,CH,32,13,14,IN,7,2,0,CR,17,7,5,U,8,Fact.,Fire wife.,TN,55409201.05,204
QF,D,7497,GUY,SOR,Loss,L,2025-02-17,09:34:51,SITE.,AD,31,49,22,CH,24,24,4,IN,9,4,3,CR,4,4,9,R,8,Myself.,South.,TN,30036624.12,102
QF,D,7417,RIS,SAF,Own.,L,2025-02-27,04:06:26,CASE.,AD,38,46,40,CH,26,4,2,IN,6,3,8,CR,11,6,10,T,3,Before.,Try red.,TN,14098658.45,378
QF,D,1271,LIN,ONC,Need,L,2025-02-23,14:37:14,LONG.,AD,37,36,9,CH,47,14,20,IN,13,10,10,CR,13,7,8,N,5,Method.,This.,TN,78633328.34,65
QF,I,8714,FLY,BLU,Off.,L,2025-04-05,14:13:54,FAST.,AD,58,27,49,CH,26,12,3,IN,7,9,9,CR,10,4,8,O,10,Expert.,Everybody.,TN,14960682.3,267
QF,I,3646,NEE,HOU,Few.,L,2025-07-19,13:00:44,WEST.,AD,99,28,43,CH,2,8,12,IN,16,8,5,CR,11,5,2,W,6,Guess.,Mean per.,TN,78321543.62,376
QF,I,3337,SON,AIR,Lose,L,2025-11-09,01:19:16,THE.,AD,72,50,29,CH,50,17,8,IN,9,0,4,CR,17,0,1,O,2,Report.,Month.,TN,38067270.45,242
QF,I,1727,YES,HIG,No.,L,2025-02-14,03:57:47,THAN.,AD,0,4,39,CH,35,12,4,IN,7,0,0,CR,3,2,3,T,6,Table.,Sport.,TN,20308561.88,405
QF,I,6922,RUL,ON.,Bit.,L,2025-04-01,00:03:13,NEAR.,AD,72,4,35,CH,41,25,20,IN,1,1,10,CR,20,3,2,G,7,How long.,Account.,TN,26327914.07,481
QF,I,1611,NOT,FAC,Fall,L,2025-09-02,06:31:17,ACT.,AD,45,3,13,CH,49,16,12,IN,11,10,0,CR,16,0,8,S,1,Another.,Care.,TN,45983306.71,426
QF,D,113,NO.,LEF,Put.,L,2025-07-30,03:05:58,FAR.,AD,32,7,29,CH,8,19,23,IN,13,4,6,CR,18,5,4,B,4,Animal.,To choose.,TN,17074792.56,407
QF,I,8670,WAY,WAL,Us.,L,2025-09-25,16:54:52,HARD.,AD,87,13,5,CH,18,19,8,IN,16,4,10,CR,14,5,2,T,7,Spend.,However.,TN,41613811.36,217
QF,I,5695,US.,LES,Such,L,2025-11-25,12:19:24,THUS.,AD,70,3,37,CH,27,22,13,IN,16,6,6,CR,6,10,5,V,10,Occur.,Bad war.,TN,58942852.64,298
QF,I,8086,FIR,END,Poor,D,2025-02-05,06:05:52,PART.,AD,30,43,5,CH,24,18,18,IN,16,4,8,CR,4,7,1,U,5,Congress.,Mouth kid.,TN,61765662.04,355
QF,I,4985,HUG,BOO,My.,D,2025-10-29,03:13:22,STOP.,AD,53,15,28,CH,48,11,0,IN,14,5,10,CR,13,6,6,B,4,Color.,She just.,TN,53643905.6,183
QF,I,2529,LAT,OIL,New.,D,2025-03-10,20:03:07,TEN.,AD,34,34,17,CH,18,14,12,IN,15,3,7,CR,8,9,6,B,1,Energy.,Month.,TN,6636924.82,181
QF,D,4944,ON.,TOW,Half,D,2025-05-05,15:32:31,FUND.,AD,80,30,42,CH,4,9,21,IN,2,2,4,CR,12,0,9,C,8,Bag.,Same.,TN,70790876.28,377
QF,I,7693,HUG,HEA,Stop,L,2025-10-16,13:56:59,GIVE.,AD,46,17,11,CH,17,16,17,IN,2,9,1,CR,0,7,6,Y,9,Best.,Out.,TN,69085343.61,75
QF,D,2878,FIS,FAS,Skin,D,2025-06-20,13:42:27,SORT.,AD,37,3,14,CH,17,19,10,IN,3,9,10,CR,17,2,3,C,6,Big able.,Discover.,TN,65776996.14,466
QF,I,5855,ME.,TER,East,D,2025-05-09,17:41:02,TASK.,AD,32,8,24,CH,3,11,20,IN,2,1,3,CR,2,5,3,T,2,Sound way.,Instead.,TN,15812201.36,371
QF,D,5828,TEN,HER,Ok.,D,2025-07-06,11:49:41,FULL.,AD,92,21,26,CH,15,1,15,IN,3,2,8,CR,9,3,3,H,9,Various.,Board.,TN,46897619.56,330
QF,D,9881,KEY,WEA,High,L,2025-05-31,02:57:43,FOUR.,AD,40,24,43,CH,34,24,3,IN,6,2,3,CR,18,0,10,V,6,Partner.,Keep.,TN,87092550.29,101
QF,I,759,FRO,WIT,His.,L,2025-09-23,20:41:08,LOSS.,AD,62,32,32,CH,2,0,23,IN,0,0,5,CR,7,4,9,W,4,Main else.,Listen.,TN,35477295.99,484
QF,D,4483,HEL,UNI,Item,D,2025-04-07,21:35:06,YEAH.,AD,60,39,8,CH,16,17,3,IN,0,7,4,CR,19,4,6,T,4,Newspaper.,Issue.,TN,20133661.81,495
QF,D,5542,ROO,BAC,Tax.,D,2025-01-01,23:39:01,BUY.,AD,52,7,17,CH,14,12,21,IN,14,8,7,CR,1,4,5,S,10,Dream.,Take.,TN,88186161.92,178
QF,I,2219,WEA,AGO,Step,D,2025-06-24,16:28:10,SAVE.,AD,9,23,38,CH,6,19,20,IN,17,3,1,CR,16,9,3,A,10,Include.,Marriage.,TN,50145834.73,282
QF,D,5497,THE,MAN,Base,L,2025-07-05,20:37:41,WAR.,AD,7,38,29,CH,5,25,19,IN,0,5,4,CR,13,0,8,R,3,Should.,Of war.,TN,75468818.54,172
QF,I,9686,BOY,HER,Ten.,D,2025-10-31,21:39:20,ON.,AD,63,38,21,CH,26,24,9,IN,10,0,9,CR,11,2,6,A,4,Short.,Note.,TN,75050372.67,345
QF,D,4567,FIR,BAR,Pick,D,2025-08-18,07:07:49,WHAT.,AD,43,45,40,CH,14,2,22,IN,7,6,7,CR,0,6,5,B,7,Player.,Good.,TN,93164538.54,313
QF,D,5433,PAS,FAC,Sell,D,2025-03-31,20:15:24,YES.,AD,0,5,0,CH,46,18,18,IN,13,7,5,CR,9,9,9,W,2,Short.,None.,TN,30694000.23,163
QF,D,9594,WHO,FOR,News,D,2025-05-02,02:19:34,FROM.,AD,82,45,40,CH,5,16,18,IN,14,9,5,CR,11,8,6,O,2,Practice.,Young.,TN,20118505.78,60
QF,I,7226,OK.,EVE,Race,D,2025-05-05,18:40:09,WITH.,AD,58,18,15,CH,4,20,6,IN,19,0,7,CR,12,4,8,D,7,Expert.,Physical.,TN,45432630.13,355
QF,I,6363,WIN,OR.,High,L,2025-04-24,04:33:31,WIFE.,AD,28,34,19,CH,5,3,0,IN,19,3,2,CR,16,3,1,A,5,Even rise.,Huge.,TN,84496720.72,351
QF,I,7714,FIR,BAN,Take,L,2025-08-28,11:42:31,US.,AD,14,20,14,CH,8,2,25,IN,18,3,8,CR,3,5,10,T,5,Necessary.,Voice.,TN,21764838.57,484
QF,I,1544,SEA,TAS,None,D,2025-11-07,13:28:14,NICE.,AD,24,31,14,CH,24,11,18,IN,19,8,0,CR,1,10,2,R,1,Put go.,She on.,TN,48734171.21,53
QF,D,6526,WAY,MEE,The.,D,2025-09-16,04:07:31,BASE.,AD,94,15,27,CH,42,2,3,IN,3,10,4,CR,2,2,0,L,1,Light.,Sing.,TN,3839683.78,146
QF,D,162,DAT,ARM,Want,L,2025-08-02,11:28:48,LOSE.,AD,86,9,31,CH,18,23,14,IN,2,5,1,CR,14,10,6,G,6,Scientist.,Game.,TN,30744999.12,72
QF,D,8133,BAC,RED,Boy.,D,2025-10-26,18:11:25,FOOT.,AD,75,23,30,CH,0,2,6,IN,2,9,5,CR,20,1,6,N,10,Data.,Happy.,TN,32347639.86,374
QF,I,9069,BIT,YAR,Each,D,2025-04-13,13:18:56,YEAH.,AD,37,4,10,CH,40,21,12,IN,3,10,2,CR,2,6,8,P,1,Hotel.,Everybody.,TN,67941423.25,208
QF,D,3707,WID,WIL,Live,D,2025-10-06,12:07:46,TAX.,AD,48,24,47,CH,48,5,5,IN,11,7,0,CR,6,6,6,F,3,Debate.,Mention.,TN,92834513.44,168
QF,D,3433,HOU,LEF,End.,L,2025-03-16,07:38:21,WANT.,AD,61,35,31,CH,25,1,19,IN,15,6,7,CR,11,10,9,D,1,Shoulder.,Player.,TN,17937221.28,496
QF,I,4474,IF.,IN.,Miss,D,2025-12-22,18:37:25,EAT.,AD,100,17,45,CH,41,24,23,IN,9,0,6,CR,1,3,4,P,3,Strong.,As toward.,TN,31287069.79,297
QF,I,9808,OVE,HIS,Most,L,2025-03-14,18:20:06,RUN.,AD,4,5,47,CH,39,9,8,IN,11,1,3,CR,5,3,4,T,2,Coach.,Ground.,TN,30715543.22,289
QF,I,653,STE,WIN,Tend,D,2025-05-25,23:51:16,DEEP.,AD,53,44,20,CH,44,2,5,IN,19,1,8,CR,12,10,4,D,10,For.,Financial.,TN,15853568.06,121
QF,D,7975,ONE,TUR,Face,D,2025-08-26,00:35:33,HUGE.,AD,63,33,14,CH,34,11,17,IN,16,5,4,CR,5,4,9,S,4,Suggest.,Apply.,TN,35987206.4,372
QF,D,2984,DOO,A.,With,L,2025-10-10,17:33:30,HARD.,AD,2,0,28,CH,24,21,18,IN,1,5,2,CR,15,7,7,W,7,Affect.,Speak.,TN,27639857.46,120
QF,I,6012,PLA,ACT,May.,D,2025-11-25,05:54:20,WAR.,AD,28,43,35,CH,44,8,17,IN,18,1,2,CR,18,7,6,A,7,Mother.,Career.,TN,598910.34,470
QF,I,5126,HIM,NOW,City,L,2025-09-25,06:55:48,STAR.,AD,29,7,14,CH,18,13,19,IN,18,2,7,CR,0,6,8,H,6,Capital.,Lot send.,TN,20584663.01,68
QF,I,6120,SOR,FEE,Tell,L,2025-03-16,04:42:27,WHOM.,AD,54,5,23,CH,33,24,5,IN,13,6,10,CR,18,5,9,Y,6,Even.,Nature.,TN,88286277.99,225
QF,I,2343,OR.,TAS,Unit,D,2025-12-11,20:33:53,GAS.,AD,19,39,6,CH,42,9,17,IN,2,4,2,CR,17,6,6,D,10,Establish.,Defense.,TN,65315371.49,464
QF,I,7389,SIT,END,So.,L,2025-12-31,19:38:27,PICK.,AD,19,17,8,CH,10,22,7,IN,6,0,5,CR,14,10,8,M,8,Mission.,Scene who.,TN,81625550.48,279
QF,D,6930,IDE,PAS,Mrs.,D,2025-11-29,07:57:18,JUST.,AD,88,3,42,CH,35,9,22,IN,1,5,3,CR,9,9,6,A,2,System.,Hair top.,TN,87455114.85,117
QF,D,4350,WAR,FIV,Per.,D,2025-11-23,08:03:21,CAR.,AD,63,30,5,CH,13,8,18,IN,3,1,2,CR,4,4,9,T,6,Still.,Various.,TN,95912093.61,120
QF,I,6101,HIG,BAS,Beat,L,2025-04-23,22:27:02,WE.,AD,58,11,15,CH,12,16,19,IN,0,7,7,CR,18,2,1,L,10,Kid kind.,Somebody.,TN,66617019.07,233
QF,D,2240,MIN,NIC,Easy,L,2025-11-16,17:31:52,DOWN.,AD,20,31,6,CH,45,2,10,IN,20,4,9,CR,18,0,2,B,9,Consider.,Direction.,TN,24889255.69,471
QF,D,569,YES,BAG,Draw,D,2025-12-17,11:49:32,EYE.,AD,10,1,46,CH,16,15,21,IN,5,7,4,CR,4,2,7,D,4,Employee.,Protect.,TN,26511315.59,87
QF,D,3030,HAV,HIT,Rich,D,2025-10-18,14:40:41,LONG.,AD,85,42,39,CH,15,20,8,IN,12,3,5,CR,3,2,7,G,7,Military.,TV gas.,TN,44171735.07,429
QF,I,727,TIM,SAM,May.,L,2025-09-12,04:28:33,HELP.,AD,33,43,15,CH,19,5,20,IN,16,6,8,CR,20,1,5,U,3,Join.,Me.,TN,81162977.07,118
QF,D,3310,UNI,WAI,High,D,2025-11-14,12:54:27,LAY.,AD,86,48,7,CH,26,12,5,IN,4,9,6,CR,2,0,3,K,1,Difficult.,Pick late.,TN,32382570.66,211
QF,I,5108,BIG,LIS,Pay.,D,2025-08-04,16:38:41,ANY.,AD,23,37,8,CH,12,7,9,IN,4,10,7,CR,19,10,7,W,8,Main.,Bed dog.,TN,69378880.54,433
QF,I,2290,FUL,ITE,Once,L,2025-02-06,05:25:29,POOR.,AD,65,43,5,CH,6,2,6,IN,5,6,4,CR,8,2,4,I,1,Safe.,Rule.,TN,94739402.01,251
QF,I,1943,SUC,BUT,Rise,L,2025-10-29,19:47:43,BASE.,AD,49,36,12,CH,46,20,19,IN,18,1,8,CR,19,7,6,I,5,Give seek.,Character.,TN,70612271.73,65
QF,I,2941,JOI,ONC,Wide,D,2025-11-19,12:36:52,NEXT.,AD,5,35,7,CH,41,18,9,IN,6,8,1,CR,2,0,9,N,6,Once upon.,Indicate.,TN,36305214.56,402
QF,I,8701,NIC,SON,Open,D,2025-09-07,19:56:35,SOON.,AD,78,40,28,CH,47,15,9,IN,9,1,6,CR,4,7,2,J,5,Claim.,Far.,TN,36081441.22,416
QF,D,8060,EAT,SIZ,Send,L,2025-03-29,01:26:56,THEY.,AD,2,10,0,CH,27,9,5,IN,17,10,7,CR,7,6,7,B,9,Society.,Ever.,TN,2985886.11,387
QF,I,7884,CUT,MAI,As.,L,2025-02-25,15:27:25,SAFE.,AD,12,36,50,CH,37,0,22,IN,10,1,9,CR,2,8,7,G,6,Anyone.,Similar.,TN,78424385.88,332
QF,D,7460,INT,SAY,Gas.,D,2025-01-07,19:13:03,STEP.,AD,95,4,14,CH,39,14,7,IN,1,7,5,CR,10,9,9,S,5,Main.,Prove.,TN,70300734.57,125
QF,I,7145,CAR,FUL,Yard,D,2025-03-31,03:27:14,BODY.,AD,60,24,26,CH,0,25,11,IN,9,6,2,CR,6,4,8,W,7,Agreement.,Detail.,TN,38632044.39,442
QF,I,671,AT.,CEL,Else,L,2025-04-11,06:33:29,DEAL.,AD,33,31,43,CH,20,20,3,IN,2,0,0,CR,10,7,8,H,7,Result.,When.,TN,9587108.97,456
QF,I,6868,BIT,HIT,Gas.,L,2025-07-10,21:45:04,TRY.,AD,96,43,21,CH,44,16,2,IN,18,0,10,CR,15,6,10,T,7,Himself.,Force.,TN,30139365.02,457
QF,D,5567,FIR,FAR,Good,L,2025-02-07,17:13:41,STEP.,AD,51,27,30,CH,45,0,9,IN,3,1,9,CR,15,6,7,I,5,Certainly.,Last.,TN,91842007.95,397
QF,I,9211,HER,LET,Yet.,D,2025-09-13,14:47:42,BUY.,AD,38,20,24,CH,20,3,18,IN,0,6,10,CR,13,7,3,L,3,Exactly.,Seven big.,TN,88205990.5,67
QF,I,8336,KEE,OPE,Wide,L,2025-08-16,20:40:14,TEAM.,AD,17,39,3,CH,34,3,3,IN,11,7,8,CR,11,2,5,H,2,Spend.,Subject.,TN,68480616.45,247
QF,D,7118,CAR,ARM,Eye.,D,2025-07-27,05:28:12,HOME.,AD,32,7,47,CH,34,16,12,IN,18,0,0,CR,17,1,0,F,2,Politics.,Almost.,TN,58714303.1,376
QF,I,3007,BAS,USE,Pass,L,2025-10-18,00:39:20,FOOT.,AD,80,33,10,CH,11,23,17,IN,16,4,4,CR,13,10,3,G,9,Since.,Course.,TN,82946178.67,410
QF,D,8724,THE,MR.,Skin,D,2025-08-20,00:34:32,EVEN.,AD,99,20,18,CH,1,24,12,IN,15,2,4,CR,12,6,8,P,2,Son think.,Something.,TN,73573298.7,104
QF,I,6033,ITE,ACT,From,D,2025-04-30,17:17:26,LOOK.,AD,85,5,21,CH,32,21,14,IN,0,4,3,CR,13,8,5,R,1,Measure.,Fish.,TN,31868771.71,221
QF,I,2183,LET,AS.,When,L,2025-10-06,07:24:10,IDEA.,AD,65,44,42,CH,22,4,21,IN,8,8,8,CR,1,1,7,B,6,Challenge.,Enter cut.,TN,52843800.92,189
QF,D,1208,RED,LIS,Fact,D,2025-05-28,18:47:50,EASY.,AD,99,29,25,CH,42,1,16,IN,20,7,6,CR,5,8,5,S,9,Answer ok.,Really.,TN,79639722.19,72
QF,D,9034,WID,BAB,Try.,D,2025-04-03,21:50:13,FILM.,AD,92,45,46,CH,41,8,18,IN,7,7,3,CR,3,0,1,R,4,Debate.,He line.,TN,79970716.5,86
QF,D,2758,LIS,AS.,At.,L,2025-04-27,03:31:34,SKIN.,AD,49,20,18,CH,3,16,17,IN,7,5,2,CR,6,10,4,O,10,Level.,South.,TN,4920999.15,125
QF,I,545,CAS,ITE,Bad.,L,2025-05-30,23:22:51,FUND.,AD,68,18,5,CH,35,18,17,IN,6,7,3,CR,1,1,7,I,1,Business.,Character.,TN,43154226.56,99
QF,D,6522,FEA,WAL,Tell,L,2025-10-01,09:13:57,WORK.,AD,36,10,31,CH,13,8,21,IN,4,10,8,CR,4,5,7,N,5,Team.,Third bed.,TN,17606162.28,265
QF,D,719,MEA,ALL,Easy,D,2025-04-27,08:10:49,SAVE.,AD,3,17,49,CH,5,16,21,IN,5,9,0,CR,14,1,8,K,1,Learn.,Situation.,TN,42554783.06,385
QF,D,9207,WEL,BUY,Too.,D,2025-03-13,17:35:35,REAL.,AD,75,44,14,CH,29,14,16,IN,1,5,5,CR,6,2,9,Y,8,Actually.,View.,TN,60372314.18,364
QF,D,2516,HIG,AGO,Bed.,D,2025-05-06,12:03:52,HIM.,AD,44,1,32,CH,18,25,24,IN,3,0,3,CR,18,1,4,P,3,Rise test.,Gas.,TN,40800231.33,473
QF,D,3466,BIL,ALS,Big.,L,2025-08-12,04:45:06,GIVE.,AD,17,7,13,CH,23,13,20,IN,6,7,5,CR,9,7,0,S,7,Want.,Include.,TN,85329007.69,355
QF,D,4104,DOW,LEF,Song,D,2025-01-11,15:10:47,LINE.,AD,45,14,20,CH,34,24,25,IN,4,10,5,CR,2,3,2,R,1,Response.,Friend.,TN,14335849.58,225
QF,I,9233,FIV,PLA,Drug,D,2025-01-23,22:26:48,WEST.,AD,31,17,20,CH,45,3,1,IN,1,9,2,CR,10,7,8,H,8,Stop.,Result.,TN,70710055.59,144
QF,D,3629,ROA,MIS,Over,L,2025-05-19,11:21:43,WALK.,AD,12,23,41,CH,45,21,5,IN,1,8,8,CR,10,3,4,S,3,Debate.,True.,TN,39178125.07,463
QF,I,9800,THA,LAS,Star,D,2025-07-01,00:23:50,OUT.,AD,77,30,23,CH,1,18,25,IN,18,2,4,CR,15,7,6,F,3,Artist.,Business.,TN,72713956.23,146
QF,D,1308,MAN,OWN,Mr.,L,2025-12-29,21:16:27,IT.,AD,80,29,2,CH,43,8,9,IN,17,6,3,CR,12,8,4,N,10,Write.,Media.,TN,36037690.02,175
QF,D,6986,PAS,SIZ,Many,L,2025-06-17,15:00:33,PUSH.,AD,91,36,12,CH,23,4,15,IN,12,4,9,CR,16,9,8,Y,6,Itself.,Thing.,TN,93669691.09,128
QF,D,3291,WES,SOR,Step,L,2025-06-30,04:22:23,FIND.,AD,14,37,20,CH,8,2,17,IN,18,4,1,CR,20,7,8,R,10,Light.,Simply.,TN,32566792.01,366
QF,I,9274,GIR,WIL,Just,D,2025-07-08,16:18:14,SEEM.,AD,48,13,12,CH,18,23,18,IN,20,8,8,CR,5,0,4,S,10,May baby.,Down vote.,TN,93178678.91,116
QF,D,1040,GET,SHE,Find,D,2025-02-13,17:54:40,WEEK.,AD,90,8,7,CH,12,8,16,IN,2,3,4,CR,16,9,7,H,7,Those who.,Wear walk.,TN,37143957.56,362
QF,D,8165,SOR,YEA,Side,D,2025-07-24,13:23:46,ONTO.,AD,53,12,50,CH,0,8,4,IN,16,5,3,CR,17,6,5,P,10,Consumer.,Court.,TN,77578109.68,212
QF,D,5049,BUT,ITS,Once,D,2025-07-08,20:05:22,HOW.,AD,78,21,45,CH,16,22,21,IN,8,3,10,CR,2,1,8,C,3,Church.,Three.,TN,16655065.84,347
QF,D,6056,ABL,NEW,Home,D,2025-01-09,16:47:18,MANY.,AD,27,46,42,CH,1,16,20,IN,19,10,6,CR,8,10,1,W,7,Response.,Pattern.,TN,75604873.72,449
QF,I,288,TEN,MIN,Star,L,2025-02-13,09:20:12,KEEP.,AD,32,7,27,CH,24,2,23,IN,19,4,5,CR,17,1,6,A,6,Fish.,Recent in.,TN,39573254.84,167
QF,I,2349,THE,HIM,Edge,L,2025-11-13,13:19:41,NEWS.,AD,62,32,47,CH,3,13,23,IN,7,0,7,CR,2,5,4,W,1,Detail.,PM.,TN,51479913.34,328
QF,D,4668,FAS,TRU,Yeah,D,2025-03-19,22:03:11,LAND.,AD,42,26,31,CH,18,3,8,IN,7,5,8,CR,17,8,7,D,7,Knowledge.,While use.,TN,20728411.94,53
QF,I,6232,PIC,I.,See.,D,2025-06-27,19:21:22,BANK.,AD,58,26,28,CH,44,4,15,IN,9,3,6,CR,10,3,10,L,6,Majority.,Officer.,TN,78980468.25,177
QF,I,2589,OUT,FAR,Sit.,D,2025-01-04,14:07:47,BAD.,AD,39,12,7,CH,50,12,10,IN,18,3,0,CR,20,6,9,U,6,Property.,Page.,TN,43767216.58,432
QF,I,5608,BAR,SKI,Draw,L,2025-04-29,04:49:34,SET.,AD,12,49,2,CH,38,9,10,IN,11,3,0,CR,6,2,9,I,8,Strategy.,Laugh.,TN,7001576.85,105
QF,I,2200,WEL,MOR,Free,L,2025-11-04,06:10:54,KEEP.,AD,15,36,14,CH,27,25,23,IN,18,1,6,CR,5,7,2,N,9,May begin.,Exactly.,TN,77399227.61,399
QF,D,4874,NEW,COL,List,L,2025-11-09,18:08:19,CALL.,AD,39,1,36,CH,27,19,24,IN,20,2,4,CR,19,8,5,W,3,Stock.,Degree.,TN,74177665.28,389
QF,I,4679,ALL,CIT,Hot.,L,2025-11-23,10:42:04,TRY.,AD,79,31,32,CH,48,14,13,IN,7,3,7,CR,2,3,3,T,6,On.,Have.,TN,50587915.65,111
QF,D,2475,OF.,DRU,Side,D,2025-03-24,12:14:58,FULL.,AD,87,48,16,CH,27,12,16,IN,19,5,9,CR,15,0,1,G,7,Very.,Community.,TN,41806027.41,205
QF,I,3693,WES,GUN,Yes.,D,2025-12-20,15:29:41,ITS.,AD,65,4,48,CH,26,5,20,IN,3,7,5,CR,15,4,9,H,8,Foot.,Pattern.,TN,73565477.1,57
QF,I,8288,FEA,ARE,Mrs.,D,2025-07-28,21:38:00,EYE.,AD,90,36,23,CH,27,1,19,IN,9,7,8,CR,13,8,2,L,10,Under.,Unit.,TN,70585590.95,337
QF,D,2120,TER,THE,Last,D,2025-05-16,19:51:27,ROAD.,AD,3,15,26,CH,34,22,18,IN,5,8,1,CR,16,9,7,F,5,Court.,Sing.,TN,55850024.37,442
QF,I,5998,WIF,IT.,Door,D,2025-01-21,00:59:15,BOX.,AD,70,21,12,CH,8,3,16,IN,15,7,8,CR,13,2,8,E,7,Anyone.,Film.,TN,29232795.73,289
QF,I,7781,BIT,WHA,Ever,L,2025-03-31,22:11:29,BY.,AD,44,0,21,CH,30,12,7,IN,11,5,1,CR,12,10,1,A,10,Act old.,Plant sea.,TN,80317999.33,455
QF,D,6219,BOY,LOW,Pick,D,2025-09-23,11:03:37,DOG.,AD,65,30,2,CH,3,7,25,IN,11,5,8,CR,3,4,8,R,6,Stay.,Anyone.,TN,75993148.35,321
QF,D,4848,FEE,BUT,Her.,D,2025-10-21,09:18:47,WE.,AD,91,46,5,CH,4,23,17,IN,3,3,5,CR,15,8,8,W,5,Rich.,Thus.,TN,37576329.17,140
QF,D,2954,LAW,YOU,Side,D,2025-10-25,13:15:21,NEAR.,AD,93,8,35,CH,50,11,16,IN,11,10,3,CR,16,6,1,W,6,Floor.,Top.,TN,43068964.86,185
QF,D,558,WHA,DEE,Too.,L,2025-01-09,20:58:43,MAKE.,AD,49,12,49,CH,40,20,20,IN,6,0,6,CR,18,5,1,S,5,Major.,Two feel.,TN,74881172.84,366
QF,I,5880,HER,WIL,Loss,L,2025-04-15,23:01:49,RISE.,AD,7,26,7,CH,4,4,11,IN,8,9,7,CR,8,1,6,D,3,Firm.,Hot turn.,TN,45336903.82,356
QF,D,8116,FIN,ROL,Must,L,2025-10-01,22:39:08,TO.,AD,1,29,41,CH,49,9,12,IN,18,9,3,CR,1,6,1,M,3,Kitchen.,Serious.,TN,79947116.28,200
QF,D,6173,WHY,STO,Drug,L,2025-05-01,12:35:03,BACK.,AD,41,16,33,CH,39,20,8,IN,11,10,0,CR,5,0,9,N,6,Per seek.,Strong.,TN,45276484.02,451
QF,I,6480,NEW,LEF,Give,D,2025-05-13,12:14:10,DARK.,AD,47,30,50,CH,36,6,8,IN,14,9,8,CR,11,0,5,H,2,And data.,Either.,TN,97307876.72,94
QF,D,8501,ME.,DO.,May.,L,2025-03-03,00:19:19,ITS.,AD,18,46,38,CH,35,16,21,IN,2,9,6,CR,3,2,8,T,10,On open.,Quickly.,TN,6876765.56,460
QF,D,1287,TRE,UPO,Lay.,L,2025-09-23,18:26:27,GROW.,AD,35,23,0,CH,4,16,7,IN,14,7,0,CR,10,9,7,F,4,Arm.,Case.,TN,58451500.27,404
QF,I,712,OLD,ROO,Well,L,2025-11-08,18:44:19,DOOR.,AD,20,27,8,CH,6,15,6,IN,7,2,9,CR,19,4,3,I,3,Teacher.,Send job.,TN,78149956.05,232
QF,I,9316,PAR,PUT,Life,L,2025-05-26,22:50:56,HOME.,AD,73,8,14,CH,8,24,9,IN,11,2,0,CR,17,1,3,A,1,Marriage.,Sea.,TN,65967690.53,274
QF,D,1300,CAR,AGE,Fly.,D,2025-09-04,11:25:01,WHY.,AD,5,12,15,CH,30,15,4,IN,10,10,2,CR,2,3,5,E,1,Him these.,Speak we.,TN,86047363.88,200
QF,I,7871,FEE,KIN,Here,L,2025-04-08,13:49:51,SIDE.,AD,58,20,0,CH,18,12,10,IN,7,6,3,CR,18,9,9,F,5,Heart.,They.,TN,44045584.0,434
QF,D,5723,SAY,MOV,Wish,L,2025-08-25,04:28:54,ONE.,AD,70,17,46,CH,15,7,12,IN,19,9,9,CR,15,3,0,F,9,Practice.,Sense.,TN,21451476.53,242
QF,D,9889,MEA,FAS,Kid.,D,2025-02-26,02:32:30,PICK.,AD,87,33,17,CH,49,8,8,IN,2,9,8,CR,20,9,9,H,1,Social.,Move bed.,TN,94427020.82,255
QF,D,3713,BE.,IF.,Our.,D,2025-06-26,17:05:48,DRAW.,AD,62,8,37,CH,29,6,14,IN,11,7,7,CR,18,4,5,C,5,Song.,What none.,TN,69262703.35,391
QF,I,6114,CAN,OF.,Unit,D,2025-05-21,08:17:10,FIRM.,AD,30,1,3,CH,21,3,11,IN,5,7,4,CR,2,2,8,D,4,Produce.,Step.,TN,7507616.92,360
QF,I,5671,MRS,RUN,Edge,L,2025-10-30,15:08:51,BOY.,AD,27,29,9,CH,27,21,22,IN,1,6,4,CR,16,0,8,P,4,Provide.,Now media.,TN,75090316.8,473
QF,I,6759,FIN,BES,Ever,D,2025-06-10,13:05:09,A.,AD,39,32,27,CH,8,21,12,IN,14,6,10,CR,8,10,3,S,4,Including.,Happen.,TN,55756105.62,426
QF,D,3082,FIL,PAG,Week,L,2025-04-27,23:59:10,HUGE.,AD,9,7,19,CH,20,14,4,IN,12,9,8,CR,7,0,5,J,2,Fall.,Our.,TN,18915453.89,433
QF,D,4983,SUC,FOU,I to,D,2025-12-19,08:43:50,I.,AD,7,25,18,CH,50,1,9,IN,18,5,2,CR,6,8,9,S,8,Card.,To.,TN,83660902.25,179
QF,D,2501,BAD,FAC,Walk,L,2025-11-26,10:07:58,HIGH.,AD,75,22,13,CH,28,10,24,IN,18,2,2,CR,4,2,4,H,5,Field.,Hard good.,TN,48720628.42,73
QF,I,6721,REA,FRE,Stay,D,2025-02-17,07:37:51,BY.,AD,79,21,47,CH,18,0,14,IN,8,4,10,CR,9,10,8,B,7,Line over.,Live.,TN,48274872.84,94
QF,D,3636,HOP,HIT,Hope,L,2025-06-24,23:31:15,ONLY.,AD,61,1,40,CH,32,17,9,IN,18,0,6,CR,17,1,1,B,2,Until.,Else.,TN,84252567.95,147
QF,D,5439,HE.,CUP,Out.,L,2025-02-03,18:44:18,BEST.,AD,48,50,28,CH,35,10,9,IN,3,1,5,CR,9,1,10,O,1,Baby.,Hour law.,TN,90052598.95,176
QF,I,6964,NEA,FIN,Use.,L,2025-07-30,05:41:15,HIT.,AD,42,12,25,CH,27,7,11,IN,20,8,0,CR,10,4,4,O,5,Federal.,Room.,TN,12805679.49,439
QF,D,4021,DOW,RAT,Size,D,2025-06-25,09:52:25,PAGE.,AD,19,49,35,CH,11,2,8,IN,18,0,0,CR,3,7,0,U,7,Consumer.,Which.,TN,7420079.27,202
QF,I,3030,FEA,ROL,Ok.,L,2025-05-26,07:17:19,ROAD.,AD,43,38,25,CH,47,13,9,IN,5,10,4,CR,17,10,2,O,8,Call cut.,Positive.,TN,48645331.68,299
QF,D,9358,WAR,HAR,Nor.,L,2025-06-02,10:47:43,TEND.,AD,73,23,39,CH,49,25,0,IN,1,0,8,CR,1,3,10,G,3,Evening.,Artist.,TN,1382474.9,116
QF,D,131,BLU,AWA,Oil.,L,2025-06-17,12:23:14,SON.,AD,23,45,5,CH,4,5,6,IN,14,3,2,CR,4,9,4,S,5,Increase.,Usually.,TN,17541111.6,349
QF,I,4545,GRO,TOW,Give,L,2025-10-27,08:52:35,FILL.,AD,19,22,2,CH,2,10,21,IN,9,7,4,CR,2,8,1,S,10,Within.,Test.,TN,9783518.78,334
QF,D,1798,OPE,SEE,Face,L,2025-09-16,15:35:52,BED.,AD,64,46,11,CH,44,5,13,IN,18,5,5,CR,7,0,1,C,7,Skill.,One born.,TN,2144142.23,96
QF,I,2637,BOO,NO.,True,D,2025-04-25,16:01:14,SIGN.,AD,77,37,39,CH,10,18,24,IN,19,8,8,CR,18,4,6,W,9,Just.,Way.,TN,39324460.83,90
QF,I,7540,SEE,SID,Side,D,2025-06-26,12:38:05,PUT.,AD,47,23,28,CH,43,17,19,IN,5,0,8,CR,17,4,9,L,4,Money.,Peace.,TN,69251875.54,188
QF,D,1008,ELS,MAK,And.,D,2025-05-17,05:11:50,GIVE.,AD,71,20,47,CH,9,7,1,IN,12,8,5,CR,18,10,5,E,1,Free.,Sound.,TN,95499587.38,137
QF,D,1235,BOT,ACT,With,D,2025-05-14,12:25:11,ADD.,AD,12,8,1,CH,42,9,23,IN,8,9,6,CR,13,7,7,F,4,Turn.,PM long.,TN,79275262.99,203
QF,I,7658,VOT,CUT,Type,L,2025-06-03,16:27:36,WITH.,AD,41,3,47,CH,34,14,5,IN,1,9,5,CR,17,6,3,I,10,Thank.,Stock.,TN,82245730.3,206
QF,I,8497,OR.,BED,Bad.,L,2025-03-28,03:35:57,WHY.,AD,30,29,48,CH,5,17,6,IN,18,6,10,CR,11,7,0,W,1,Response.,Him it.,TN,63820858.08,392
QF,I,4385,HOP,LOT,No.,L,2025-12-06,04:47:55,FUND.,AD,49,6,29,CH,48,9,25,IN,2,6,4,CR,15,7,1,D,7,Four.,Away.,TN,54843959.04,196
QF,D,5640,SIT,RIC,Data,D,2025-10-09,05:22:51,BODY.,AD,38,32,42,CH,14,9,2,IN,17,7,8,CR,12,7,1,S,1,Central.,Push turn.,TN,49650568.29,292
QF,I,4947,WE.,TEL,Huge,L,2025-05-25,19:42:05,FILL.,AD,57,30,33,CH,5,24,2,IN,12,1,0,CR,8,9,2,A,7,Million.,Huge.,TN,24392438.0,347
QF,I,2245,RUN,BE.,Make,L,2025-09-06,11:42:25,GOAL.,AD,49,40,37,CH,39,3,2,IN,20,2,9,CR,4,5,10,M,3,Note edge.,Again.,TN,82015160.65,184
QF,I,6774,WOR,DOW,More,D,2025-02-07,10:20:36,FOR.,AD,99,29,26,CH,47,25,12,IN,6,9,5,CR,14,3,8,T,1,Line.,Your ask.,TN,62688929.21,490
QF,I,4981,SAF,OFF,Bed.,L,2025-03-12,12:19:39,GAS.,AD,60,18,11,CH,8,0,20,IN,10,2,9,CR,20,0,7,D,9,Matter.,Physical.,TN,90292356.26,499
QF,I,6425,KNO,DAY,Feel,D,2025-03-09,06:06:20,WORK.,AD,98,23,8,CH,3,6,7,IN,0,9,3,CR,5,7,5,T,8,We until.,Despite.,TN,78598688.22,130
QF,I,4497,TEN,ELS,Lose,L,2025-04-17,07:00:13,CELL.,AD,75,49,22,CH,14,13,0,IN,0,0,7,CR,0,3,10,B,6,Human.,Let.,TN,30817446.64,311
QF,I,7350,SO.,WIS,Foot,L,2025-11-04,04:03:25,PM.,AD,45,29,11,CH,11,21,5,IN,13,8,1,CR,16,9,3,R,2,None wife.,Simply.,TN,7933848.63,237
QF,D,3229,GET,CUT,Loss,D,2025-12-15,00:13:39,NEXT.,AD,0,40,20,CH,42,20,15,IN,10,9,0,CR,5,4,5,C,9,Several.,Word.,TN,75737844.96,405
QF,D,6440,THA,FAL,Fund,D,2025-09-17,23:04:08,BIT.,AD,55,33,35,CH,6,21,17,IN,7,0,8,CR,19,0,0,A,4,Mention.,Account.,TN,74259855.8,213
QF,D,5739,SOR,SUR,Step,L,2025-11-21,00:57:02,FIND.,AD,87,37,42,CH,36,9,15,IN,8,7,5,CR,16,6,10,B,10,Role.,Image.,TN,51358539.04,424
QF,I,4744,NIC,WE.,Room,D,2025-11-14,19:58:41,GUN.,AD,75,30,47,CH,38,8,1,IN,13,9,4,CR,10,8,10,F,4,Chance.,Determine.,TN,97787749.62,283
QF,I,1244,ITS,YET,Week,L,2025-07-18,22:08:03,RACE.,AD,71,15,29,CH,9,16,9,IN,16,3,10,CR,14,5,7,L,7,Method.,Keep.,TN,10972814.62,470
QF,I,6004,ON.,HAL,And.,L,2025-08-10,14:08:39,GIVE.,AD,90,35,6,CH,9,15,20,IN,3,9,3,CR,2,3,10,W,5,Quickly.,Happy.,TN,81068670.1,133
QF,I,3403,WEE,LEG,Hear,D,2025-08-18,16:07:22,PER.,AD,64,30,33,CH,18,17,8,IN,11,3,4,CR,7,9,6,F,7,White the.,His.,TN,21653282.46,398
QF,I,2737,DOO,GAS,Cup.,D,2025-07-15,21:28:08,SURE.,AD,100,28,23,CH,17,12,7,IN,1,3,0,CR,13,1,7,N,4,At three.,Skin.,TN,96080938.36,499
QF,D,6100,DEE,ROA,Out.,L,2025-02-13,02:54:22,MANY.,AD,13,29,8,CH,36,12,23,IN,8,5,7,CR,12,5,9,F,4,Show role.,Offer.,TN,97623021.93,321
QF,D,268,YOU,GUY,You.,L,2025-06-29,19:41:34,HEAD.,AD,37,38,24,CH,38,15,2,IN,2,9,1,CR,19,1,10,I,6,Popular.,Brother.,TN,22242690.05,407
QF,D,4968,MY.,SAM,Gun.,D,2025-02-11,14:02:37,ME.,AD,81,17,16,CH,31,7,20,IN,3,6,8,CR,4,8,2,F,2,Yeah how.,Can each.,TN,16319086.32,394
QF,I,7659,HIT,EVE,Do.,D,2025-04-28,19:11:14,YOU.,AD,46,26,38,CH,8,4,22,IN,6,9,3,CR,7,8,8,E,1,Rather.,Cold set.,TN,54587886.98,462
QF,D,4640,TYP,MUC,Few.,D,2025-11-17,09:40:13,COST.,AD,97,13,29,CH,25,9,8,IN,9,6,4,CR,17,3,8,F,6,Across.,Base wide.,TN,9963457.61,400
QF,D,5947,BE.,SAV,Be.,D,2025-07-01,22:32:22,JOB.,AD,25,11,39,CH,4,24,9,IN,6,8,5,CR,2,5,8,I,3,Financial.,Plant.,TN,55894000.15,192
QF,D,4843,LOO,NIC,Know,L,2025-11-01,11:26:49,HOUR.,AD,42,29,1,CH,42,11,6,IN,12,7,4,CR,1,2,9,C,5,Check.,Policy.,TN,94601059.51,271
QF,I,2457,FIN,NON,Food,D,2025-05-21,04:34:59,LET.,AD,77,23,29,CH,2,0,19,IN,2,5,1,CR,8,4,6,O,4,Assume.,Blue.,TN,19511372.76,225
QF,D,6679,ITE,IN.,Sure,L,2025-03-28,18:48:59,CAN.,AD,2,45,18,CH,12,12,22,IN,7,1,1,CR,13,0,8,M,9,Partner.,Charge PM.,TN,28971440.07,208
QF,D,7586,RUN,TAS,Five,L,2025-12-02,21:29:02,EAST.,AD,38,3,26,CH,42,17,5,IN,11,1,2,CR,7,7,8,A,8,Teach.,Not.,TN,74800905.24,429
QF,D,8326,STO,TRU,Mr.,D,2025-08-17,11:42:45,TALK.,AD,62,4,26,CH,34,16,3,IN,0,1,2,CR,5,5,0,R,10,Laugh.,Girl.,TN,36311918.53,418
QF,I,2853,ROA,LOO,Talk,L,2025-04-15,15:54:25,TASK.,AD,96,50,17,CH,31,11,5,IN,20,4,8,CR,13,0,4,J,7,Sometimes.,Himself.,TN,13826541.94,97
QF,D,8172,AGE,NO.,Stay,D,2025-02-03,09:09:01,RICH.,AD,47,2,27,CH,34,8,13,IN,8,0,7,CR,15,5,8,R,2,So board.,Special.,TN,1535565.79,367
QF,I,9902,FEA,TYP,Old.,D,2025-05-11,08:01:57,HAND.,AD,18,21,7,CH,4,5,8,IN,16,10,10,CR,18,10,8,T,10,Hour.,Class.,TN,20127792.71,237
QF,D,9116,IN.,HIM,Air.,L,2025-12-28,19:44:39,LEFT.,AD,50,12,11,CH,1,20,25,IN,18,3,4,CR,16,0,2,A,9,Reveal.,Peace.,TN,58689824.91,386
QF,I,7619,TAK,KIN,On.,L,2025-01-30,22:36:04,HIM.,AD,59,30,17,CH,39,15,5,IN,11,3,10,CR,0,1,8,B,5,Continue.,Would.,TN,41263677.28,490
QF,I,5207,GRO,ROL,West,D,2025-04-08,17:08:23,PM.,AD,81,40,22,CH,17,14,12,IN,20,4,10,CR,11,10,10,H,6,Bring per.,Community.,TN,39440328.11,167
QF,I,370,PUT,LOT,Name,D,2025-01-27,19:54:11,BIT.,AD,67,40,41,CH,14,13,19,IN,5,4,3,CR,12,8,3,E,10,Rule.,Despite.,TN,74523221.17,344
QF,D,3235,NEX,PAS,Man.,D,2025-03-09,22:05:50,MY.,AD,36,11,48,CH,14,12,21,IN,11,7,9,CR,5,6,8,G,1,Three by.,Once.,TN,54570819.7,239
QF,I,343,BAN,SEN,Data,L,2025-11-13,21:56:25,WHY.,AD,86,8,17,CH,1,2,13,IN,3,10,6,CR,19,6,2,G,8,Sometimes.,Never.,TN,26657548.19,103
QF,I,4019,SEE,RES,Week,D,2025-04-30,13:17:50,WALL.,AD,30,1,35,CH,27,6,6,IN,2,7,1,CR,7,4,9,B,4,Phone leg.,One.,TN,18284836.95,424
QF,D,5147,WHA,AWA,Free,L,2025-10-17,12:02:40,ME.,AD,21,15,23,CH,27,16,16,IN,12,6,6,CR,18,3,6,M,7,Try.,According.,TN,88369531.44,270
QF,I,5135,GAM,RIS,Her.,D,2025-12-10,02:07:22,MOVE.,AD,46,6,22,CH,4,13,10,IN,6,6,6,CR,18,1,3,P,4,Appear go.,Money.,TN,25418884.29,420
QF,D,9903,TEN,I.,Best,L,2025-06-05,06:00:31,PAST.,AD,96,15,14,CH,4,12,25,IN,3,0,8,CR,15,8,0,B,8,Least.,Again.,TN,78707625.72,147
QF,D,6741,CAS,FOO,Base,D,2025-07-18,00:23:24,LIST.,AD,81,42,13,CH,19,17,1,IN,4,6,1,CR,18,4,10,A,4,Order.,PM far.,TN,634410.87,139
QF,D,1510,DOG,WIS,Fund,D,2025-08-09,20:02:21,WIND.,AD,48,9,20,CH,28,21,4,IN,19,5,9,CR,1,8,6,B,9,Join.,Stop.,TN,76404932.38,144
QF,D,8808,TV.,RAC,Yeah,D,2025-02-02,09:09:23,HE.,AD,65,21,20,CH,7,9,8,IN,19,9,4,CR,11,8,10,L,2,Edge.,Education.,TN,77738497.49,103
QF,I,4911,SAV,GIR,Walk,D,2025-02-05,09:45:46,MEAN.,AD,60,20,48,CH,39,21,11,IN,2,7,10,CR,17,10,8,B,4,Whom.,Enough.,TN,58681416.03,349
QF,I,6209,HAV,ON.,Seek,L,2025-02-26,23:52:13,WHY.,AD,11,12,26,CH,31,21,0,IN,6,10,1,CR,16,1,5,H,9,Buy box.,Lawyer.,TN,27314925.72,414
QF,I,7102,ONL,SEA,Step,L,2025-05-25,14:42:17,US.,AD,99,48,35,CH,11,19,5,IN,11,4,10,CR,12,1,1,L,6,Letter.,Reality.,TN,52408658.62,143
QF,I,1568,HOT,FIL,Law.,L,2025-12-27,22:09:16,PER.,AD,68,23,8,CH,17,13,2,IN,11,5,7,CR,5,7,5,L,5,Every.,Perhaps.,TN,18334289.38,63
QF,I,3468,TRU,FRE,And.,L,2025-05-30,14:12:57,DROP.,AD,17,7,48,CH,4,23,25,IN,20,4,6,CR,4,0,3,T,9,Help who.,Ready.,TN,64687974.84,81
QF,I,8331,OUR,TER,But.,L,2025-03-06,18:52:33,NAME.,AD,24,28,12,CH,29,2,8,IN,12,4,5,CR,18,9,10,S,10,Hear.,Ready.,TN,4352130.72,128
QF,D,9389,FAS,DRO,Deal,L,2025-11-18,08:43:56,FIRM.,AD,66,5,22,CH,34,4,18,IN,6,8,5,CR,10,6,10,D,5,Knowledge.,Page cost.,TN,35907474.07,279
QF,I,3820,ITS,HAN,Far.,L,2025-07-26,04:59:44,NOW.,AD,3,10,7,CH,25,25,0,IN,3,8,10,CR,11,8,1,S,4,Likely.,Worker.,TN,84753383.51,374
QF,D,2210,DAR,KIN,Keep,L,2025-01-15,12:12:34,ACT.,AD,5,49,15,CH,22,4,7,IN,14,10,1,CR,10,9,4,P,4,Community.,Turn fact.,TN,99597722.65,390
QF,I,7348,FIN,LIS,Need,L,2025-10-31,09:54:34,OPEN.,AD,55,44,22,CH,49,23,7,IN,4,6,2,CR,16,6,10,S,9,Table kid.,Cost cold.,TN,21520559.44,436
QF,I,2922,NOT,DAT,Near,D,2025-04-21,17:10:02,STAR.,AD,52,35,21,CH,26,23,9,IN,13,4,4,CR,14,0,1,N,1,Edge.,Federal.,TN,44878631.06,319
QF,D,7931,FEW,MAN,Term,D,2025-09-04,07:37:05,SUCH.,AD,27,26,39,CH,34,17,1,IN,8,6,4,CR,8,2,0,W,4,Run.,Agreement.,TN,87301188.61,428
QF,I,5917,BAG,WOR,Join,D,2025-01-18,14:31:28,BASE.,AD,39,43,10,CH,33,17,11,IN,7,8,2,CR,1,8,7,P,6,Fact.,Relate.,TN,25399964.13,481
QF,D,5163,FAR,NOR,Same,L,2025-03-11,06:43:56,HAND.,AD,50,38,25,CH,35,4,25,IN,16,3,9,CR,6,10,8,A,2,Section.,Enter.,TN,35440993.06,310
QF,I,5991,COS,BAD,That,D,2025-12-23,08:57:05,CELL.,AD,90,13,48,CH,26,25,22,IN,19,4,9,CR,12,9,9,W,4,Next.,Picture.,TN,42502129.67,428
QF,D,9422,RAC,IN.,Wait,L,2025-01-04,16:02:19,RISE.,AD,69,11,30,CH,50,5,14,IN,1,10,9,CR,3,4,7,M,2,Travel.,News more.,TN,65289473.66,463
QF,D,4172,PM.,WEE,Live,L,2025-07-03,17:48:35,ELSE.,AD,90,48,1,CH,2,12,17,IN,0,1,6,CR,17,3,3,D,3,Clear car.,Financial.,TN,90209507.97,405
QF,I,3881,LIK,FRE,Rich,D,2025-02-01,01:54:04,YOU.,AD,64,10,5,CH,36,9,7,IN,15,2,0,CR,8,5,10,S,2,Difficult.,Evening.,TN,23995926.04,104
QF,I,109,SEA,RES,Arm.,L,2025-09-26,01:08:34,IN.,AD,73,24,3,CH,24,19,1,IN,7,2,5,CR,14,3,2,J,9,Road look.,You into.,TN,95420578.1,399
QF,D,8208,WAL,LIS,So.,D,2025-03-25,21:13:42,LOT.,AD,100,25,41,CH,50,20,20,IN,18,4,3,CR,16,8,6,L,2,Yeah.,Since.,TN,62516486.27,421
QF,D,4987,PAS,SON,Say.,L,2025-11-26,05:33:21,COST.,AD,0,0,5,CH,27,16,19,IN,10,2,5,CR,17,5,7,L,3,Popular.,Rate car.,TN,76499570.62,167
QF,I,6259,WHO,EDG,Leg.,L,2025-09-24,14:00:57,DATA.,AD,11,43,10,CH,41,16,4,IN,4,10,10,CR,8,2,5,S,5,Talk.,American.,TN,61537190.47,355
QF,I,3016,BOY,MOV,Ever,L,2025-08-25,04:17:06,LESS.,AD,26,43,18,CH,14,20,0,IN,17,5,0,CR,11,4,9,R,6,Trial.,Rest.,TN,53229281.86,479
QF,D,1641,TYP,DEA,Past,D,2025-10-20,05:14:47,PER.,AD,78,38,20,CH,44,7,23,IN,10,8,8,CR,5,10,8,O,8,Drop.,Poor once.,TN,17175948.61,239
QF,D,9518,NON,IT.,Dog.,L,2025-11-05,03:17:11,LESS.,AD,22,16,8,CH,50,15,16,IN,9,0,5,CR,8,7,7,H,9,Push each.,All stand.,TN,47347814.94,153
QF,D,7756,OK.,BOR,In.,L,2025-07-11,02:19:52,AWAY.,AD,55,34,17,CH,14,15,25,IN,12,8,6,CR,14,7,7,T,10,Compare.,When.,TN,66471251.31,197
QF,I,2246,KID,DEA,Wall,D,2025-12-04,09:11:06,WHAT.,AD,54,15,10,CH,48,21,20,IN,7,2,1,CR,2,8,7,C,4,Book but.,Claim.,TN,95436629.28,137
QF,D,5903,FRE,EYE,Look,L,2025-04-04,00:27:45,MAN.,AD,47,45,28,CH,50,17,16,IN,11,7,5,CR,6,3,7,N,8,Question.,Establish.,TN,60250459.33,365
QF,I,6136,HER,LIV,Foot,L,2025-09-16,07:18:27,SET.,AD,98,45,4,CH,11,0,10,IN,7,9,2,CR,8,7,7,I,4,Great.,Where.,TN,95176250.51,246
QF,D,1216,THA,THI,Form,L,2025-04-07,01:08:28,IN.,AD,57,21,30,CH,11,20,6,IN,9,5,3,CR,14,5,0,N,4,During.,Candidate.,TN,56351675.51,235
QF,D,6761,FOR,RAT,Onto,L,2025-12-08,22:03:34,KID.,AD,83,10,50,CH,36,15,4,IN,12,4,7,CR,0,5,2,C,2,Pass all.,Live.,TN,12825536.29,491
QF,D,8715,FAC,THA,Case,D,2025-04-13,08:25:09,FLY.,AD,87,14,21,CH,5,6,13,IN,12,1,9,CR,9,1,0,H,7,Table.,Important.,TN,57817256.19,396
QF,D,2838,STA,JOB,May.,L,2025-06-22,01:33:43,AGE.,AD,76,0,2,CH,32,14,0,IN,7,10,9,CR,8,4,3,C,10,Garden.,Continue.,TN,3107951.18,56
QF,I,9276,CAR,BOY,Lot.,L,2025-11-04,14:07:08,SON.,AD,42,21,24,CH,41,6,8,IN,10,6,2,CR,3,2,6,S,8,Fall.,National.,TN,63295550.59,315
QF,D,4193,REA,FRE,Tree,D,2025-07-10,18:20:30,STEP.,AD,91,7,30,CH,50,4,7,IN,19,6,0,CR,15,10,4,S,6,Walk.,Stay fly.,TN,74542563.39,331
QF,D,1063,MOS,THU,In.,L,2025-05-29,02:04:46,WHOM.,AD,80,19,2,CH,12,13,11,IN,7,3,10,CR,6,7,3,P,6,Arm.,Common.,TN,75759201.83,309
QF,D,7807,RAT,BES,Data,D,2025-06-14,08:06:49,THUS.,AD,61,22,22,CH,38,24,14,IN,10,3,3,CR,20,0,2,T,4,Describe.,Woman.,TN,12706676.21,430
QF,D,7844,WHA,LET,Care,D,2025-08-27,22:43:11,CARE.,AD,72,12,3,CH,3,5,25,IN,5,5,4,CR,18,6,0,L,9,Trouble.,Laugh.,TN,88137564.48,155
QF,D,4512,STA,ITS,Grow,D,2025-01-30,19:57:01,MEET.,AD,4,44,18,CH,46,15,5,IN,19,6,9,CR,2,1,10,Y,1,Physical.,Design.,TN,38477140.94,430
QF,I,5748,ONE,SIT,Kind,D,2025-02-21,01:53:28,WORK.,AD,21,5,19,CH,49,7,10,IN,18,1,10,CR,8,10,0,J,1,Amount.,Name.,TN,33690843.79,68
QF,D,1431,FLY,LIV,Life,D,2025-12-01,16:40:49,HIM.,AD,69,49,29,CH,30,4,25,IN,17,7,5,CR,18,0,1,N,8,Center.,Loss next.,TN,34214228.51,167
QF,I,4935,JOI,SON,Left,D,2025-07-08,14:48:35,NONE.,AD,34,29,36,CH,2,21,18,IN,2,3,3,CR,11,5,2,S,9,Yard.,At alone.,TN,83002534.81,368
QF,I,7538,WEL,ELS,Open,D,2025-12-27,16:39:08,LONG.,AD,39,43,35,CH,37,3,6,IN,12,4,7,CR,14,0,7,S,6,Trial.,Size.,TN,64493848.98,272
QF,D,1239,AT.,RED,Once,D,2025-09-19,23:30:35,MOST.,AD,79,25,16,CH,6,5,9,IN,11,6,3,CR,19,6,8,B,5,Perhaps.,Another.,TN,92497124.1,226
QF,D,1884,DEE,BUY,All.,D,2025-07-19,00:16:41,WORK.,AD,70,23,27,CH,31,9,6,IN,13,4,9,CR,4,8,2,P,3,Skin star.,Show.,TN,26303460.09,70
QF,D,2811,FIR,WIN,Tax.,D,2025-09-09,01:42:38,SIT.,AD,77,35,41,CH,12,1,0,IN,3,9,0,CR,14,7,4,A,1,Matter.,View.,TN,22039090.67,460
QF,D,5811,SEA,PLA,Long,L,2025-07-29,02:24:59,OPEN.,AD,68,19,25,CH,35,10,23,IN,0,6,3,CR,20,7,10,T,1,Spend.,There.,TN,79160251.35,175
QF,D,4618,ELS,TEA,Even,D,2025-06-15,09:52:19,RACE.,AD,100,33,4,CH,45,14,22,IN,3,7,7,CR,13,5,10,B,4,General.,After who.,TN,61395539.34,246
QF,I,9228,FOO,WAI,Book,D,2025-12-27,13:32:30,WALK.,AD,97,26,26,CH,17,8,18,IN,1,9,6,CR,13,7,0,W,1,With.,Instead.,TN,43668311.88,153
QF,I,6357,ACT,PUS,Mr.,D,2025-10-31,16:21:18,SIDE.,AD,96,17,22,CH,0,1,1,IN,2,6,1,CR,17,7,10,B,2,Key save.,Your.,TN,76391866.47,317
QF,D,3398,AGO,TEL,Wife,D,2025-12-02,01:45:14,NEW.,AD,58,27,16,CH,15,4,2,IN,4,8,10,CR,15,6,10,I,6,Nothing.,Dinner.,TN,28539983.49,158
QF,I,2733,FRE,SIG,Song,D,2025-08-10,23:06:22,ALL.,AD,92,49,24,CH,28,22,13,IN,20,10,7,CR,18,5,10,O,7,Save why.,Main.,TN,25842551.02,442
QF,I,1330,LAY,ALS,Safe,L,2025-04-16,09:31:13,NAME.,AD,64,44,24,CH,16,3,6,IN,13,10,1,CR,4,1,5,L,9,Black.,Develop.,TN,77339770.05,211
QF,D,9707,BUY,STE,Nor.,D,2025-10-01,21:56:14,HIGH.,AD,2,39,41,CH,42,10,24,IN,4,0,9,CR,15,10,0,A,6,Election.,Would.,TN,38699741.78,311
QF,D,8708,HE.,SEE,Then,D,2025-01-11,15:13:35,LOSS.,AD,26,39,12,CH,35,5,13,IN,20,7,6,CR,1,3,1,S,4,Time.,Attorney.,TN,53537443.07,73
QF,I,6702,TRY,INT,Team,D,2025-02-20,05:33:41,PULL.,AD,65,38,47,CH,32,3,18,IN,4,5,6,CR,19,7,10,W,7,Memory.,Almost.,TN,6858354.71,213
QF,D,4417,DRU,YEA,Or.,D,2025-11-23,02:38:40,BIG.,AD,85,21,34,CH,0,5,11,IN,0,10,0,CR,6,4,2,S,10,People.,Agency.,TN,95835228.64,498
QF,I,8119,PUS,SEA,Just,D,2025-05-20,02:55:52,GOAL.,AD,78,0,39,CH,43,9,2,IN,20,0,5,CR,5,1,9,W,4,By.,Decide.,TN,96088234.2,70
QF,D,260,ARE,SUC,Dark,L,2025-07-08,07:55:57,LET.,AD,11,33,31,CH,32,9,3,IN,1,6,8,CR,1,8,5,S,7,Keep firm.,Range.,TN,32989927.17,465
QF,D,9395,DOW,DEA,Wait,L,2025-03-07,16:58:08,SEA.,AD,86,45,17,CH,18,0,25,IN,10,6,10,CR,5,0,1,L,5,Evidence.,Reason.,TN,96774842.98,350
QF,I,1834,DOO,FAR,Pick,D,2025-07-22,20:43:31,ADD.,AD,80,28,24,CH,26,8,2,IN,16,10,2,CR,10,4,9,I,3,Laugh.,Ground.,TN,21826066.15,318
QF,I,9267,THI,SAF,Than,D,2025-05-17,01:49:06,US.,AD,18,10,6,CH,23,19,9,IN,15,2,5,CR,7,1,8,S,5,Value.,Financial.,TN,11965078.86,146
QF,I,3475,RIS,OF.,Stop,L,2025-11-04,01:09:57,HUGE.,AD,11,20,47,CH,48,21,23,IN,15,2,2,CR,7,7,1,U,1,Democrat.,His along.,TN,94819770.44,317
QF,D,6657,BOR,SHO,Task,L,2025-02-16,01:41:28,SEEM.,AD,50,5,30,CH,5,12,12,IN,12,7,9,CR,4,2,1,T,7,Magazine.,Offer job.,TN,12350446.93,337
QF,D,4071,GO.,FAC,Car.,L,2025-08-28,05:52:31,LIVE.,AD,53,36,39,CH,6,10,0,IN,9,7,2,CR,6,6,7,I,2,Later.,Record.,TN,81828104.14,109
QF,I,4280,DOO,VOT,Fly.,L,2025-02-12,07:15:55,TEAM.,AD,37,47,35,CH,39,0,0,IN,11,3,1,CR,10,0,5,W,5,Film sit.,Down.,TN,57056693.98,208
QF,I,5896,SET,GUY,Hard,L,2025-05-16,21:38:12,TALK.,AD,58,41,46,CH,9,14,3,IN,2,8,9,CR,7,1,7,R,8,Fast.,Less.,TN,94704686.45,342
QF,I,1591,TRY,FIL,She.,D,2025-04-27,14:49:52,HOT.,AD,52,36,11,CH,18,24,12,IN,4,5,9,CR,16,7,4,D,1,Care none.,See key.,TN,64722734.58,195
QF,I,4998,KID,MOS,Road,L,2025-03-19,12:33:10,LOT.,AD,54,30,34,CH,17,4,0,IN,7,6,2,CR,15,10,6,W,4,Wind.,Girl none.,TN,12046989.97,296
QF,I,5345,FAR,UPO,Wife,L,2025-02-25,05:09:09,FINE.,AD,84,38,23,CH,14,18,6,IN,7,6,2,CR,8,8,5,F,8,Thus late.,Show.,TN,17239977.06,383
QF,I,1407,SOR,SEN,Me.,L,2025-02-21,11:31:35,OWN.,AD,87,17,30,CH,3,13,18,IN,15,4,2,CR,18,5,9,P,1,Concern.,Local.,TN,76324128.3,92
QF,I,6519,FOR,CAR,We.,L,2025-04-11,06:26:01,RISE.,AD,84,22,17,CH,5,10,2,IN,13,5,10,CR,14,4,6,G,4,Really.,Media.,TN,47742521.63,108
QF,I,3661,DAR,STA,East,L,2025-08-04,11:43:37,ARM.,AD,3,48,18,CH,27,10,13,IN,18,6,7,CR,18,9,5,S,1,War stay.,Hold.,TN,22542773.62,290
QF,I,363,NOT,VIE,Six.,D,2025-04-03,19:59:03,SITE.,AD,97,5,32,CH,20,14,14,IN,3,10,2,CR,9,5,5,B,8,Run side.,Nature.,TN,85283974.5,184
QF,I,9032,TRY,CUP,Not.,D,2025-09-02,11:02:46,HER.,AD,51,20,20,CH,14,22,11,IN,16,9,2,CR,16,10,10,M,8,Foreign.,Nice.,TN,93153170.19,415
QF,I,2485,JUS,CAR,TV.,L,2025-07-25,18:05:19,THEY.,AD,40,6,31,CH,38,15,11,IN,16,2,5,CR,15,3,3,M,1,Resource.,Enter.,TN,65301946.73,242
QF,I,8437,OUT,TRI,They,D,2025-03-23,13:09:13,HER.,AD,61,7,19,CH,2,25,17,IN,9,2,5,CR,11,8,2,T,10,Design.,Answer.,TN,71284542.26,376
QF,D,6410,OPE,POO,Want,L,2025-07-29,07:19:34,ITEM.,AD,78,39,17,CH,40,20,3,IN,9,7,10,CR,6,7,3,S,4,Despite.,Author.,TN,5415731.99,178
QF,I,1057,LAS,YET,And.,D,2025-04-14,17:02:24,RISK.,AD,92,48,19,CH,46,23,10,IN,14,10,9,CR,7,10,5,K,1,Own fire.,Education.,TN,45057867.19,425
QF,D,8210,WIL,HER,Girl,L,2025-12-06,00:52:17,EASY.,AD,17,0,17,CH,7,14,9,IN,20,1,5,CR,19,0,7,W,5,Cultural.,Rather.,TN,2249821.08,105
QF,I,9485,ARE,UPO,Know,L,2025-03-02,05:26:33,OK.,AD,18,29,9,CH,45,0,23,IN,2,7,0,CR,8,5,0,D,7,Anything.,Mention.,TN,99004733.83,393
QF,D,9625,GAM,MUC,Four,L,2025-07-21,08:31:40,I.,AD,53,24,42,CH,17,11,24,IN,0,7,7,CR,1,9,1,W,7,Reach son.,Expect.,TN,43126077.82,459
QF,D,8663,WEL,RES,Age.,D,2025-04-08,21:20:07,ONLY.,AD,51,42,25,CH,33,4,16,IN,11,5,2,CR,3,10,1,G,6,More.,Factor.,TN,62173584.1,447
QF,I,4104,BUY,WHY,Hot.,L,2025-02-27,21:52:30,RULE.,AD,94,12,23,CH,46,25,25,IN,4,9,6,CR,9,0,7,C,9,Happy.,Yet.,TN,68564965.92,134
QF,D,4533,REA,UNI,Mean,L,2025-04-23,16:40:12,FULL.,AD,42,15,13,CH,19,7,11,IN,8,7,3,CR,5,2,0,N,8,Region.,Pick.,TN,25257980.64,359
QF,D,2498,SOR,LAY,Yes.,L,2025-10-20,06:58:00,EAT.,AD,46,23,11,CH,16,14,6,IN,18,7,1,CR,14,6,8,W,8,Cup.,Security.,TN,46970006.59,66
QF,I,876,BES,CAL,My.,L,2025-11-04,23:38:58,GET.,AD,28,46,13,CH,43,12,21,IN,18,9,6,CR,6,8,8,N,8,Head on.,Image.,TN,54497707.38,144
QF,D,5144,ARE,RIS,Pass,D,2025-09-03,16:44:19,TOWN.,AD,43,35,12,CH,24,13,5,IN,14,8,6,CR,9,0,5,P,1,Interest.,Yeah.,TN,89380943.22,191
QF,D,4235,NIC,YEA,Play,D,2025-01-01,15:48:05,TWO.,AD,64,34,40,CH,0,2,15,IN,0,2,3,CR,12,1,8,Y,8,Develop.,Huge.,TN,90876855.13,306
QF,I,7950,STE,OVE,Race,D,2025-05-24,20:35:48,PASS.,AD,89,49,10,CH,37,19,22,IN,20,6,2,CR,14,8,2,N,1,Cause.,Represent.,TN,89847361.92,319
QF,D,8528,OVE,SAM,She.,L,2025-10-19,07:26:36,JUST.,AD,84,29,5,CH,13,25,13,IN,9,7,10,CR,1,4,4,L,2,Low.,Worry.,TN,51160800.44,130
QF,I,7694,LOS,IF.,Seek,D,2025-09-13,23:45:18,NOTE.,AD,19,33,8,CH,23,21,12,IN,2,2,0,CR,2,6,0,B,3,Benefit.,Just.,TN,25983761.5,96
QF,I,5044,HAI,ARE,Box.,L,2025-06-12,12:54:08,BUT.,AD,61,46,23,CH,39,22,24,IN,13,9,1,CR,20,0,7,L,3,Table.,Myself.,TN,91207131.87,480
QF,D,5342,SIX,NEW,Baby,D,2025-06-27,09:54:18,IF.,AD,6,28,28,CH,32,4,24,IN,13,1,8,CR,18,5,10,O,1,Lawyer.,Arrive.,TN,40825829.95,213
QF,D,7721,OPE,TRY,Four,D,2025-02-27,05:46:43,BOOK.,AD,70,8,48,CH,37,12,18,IN,9,4,8,CR,9,5,1,A,9,Prevent.,American.,TN,3381333.73,170
QF,D,6107,KEY,TOP,He.,D,2025-05-16,08:10:22,BOY.,AD,43,21,6,CH,29,19,1,IN,18,6,4,CR,6,4,8,E,7,Business.,Just real.,TN,68349706.13,477
QF,I,6297,KIN,HAV,Us.,L,2025-07-25,08:17:30,HAND.,AD,36,6,33,CH,15,10,20,IN,2,5,4,CR,13,1,4,F,7,Employee.,Care.,TN,90811729.82,248
QF,I,752,KIN,CAR,He.,L,2025-03-17,05:20:54,THE.,AD,12,50,42,CH,50,0,15,IN,18,10,4,CR,9,2,5,K,9,Fear.,Watch.,TN,69331319.4,266
QF,D,3556,HEA,PAS,Care,L,2025-07-04,23:16:39,WALK.,AD,74,6,48,CH,0,22,21,IN,15,0,1,CR,19,10,8,C,3,Care them.,Here.,TN,1388603.48,77
QF,D,1520,CEL,NOT,Sell,D,2025-11-02,09:22:02,YARD.,AD,77,42,38,CH,12,23,21,IN,16,0,10,CR,9,9,6,K,4,Decade.,Nation.,TN,15877012.52,227
QF,D,6967,ALS,BLU,Born,L,2025-09-17,17:59:33,NO.,AD,93,26,29,CH,39,9,6,IN,20,7,9,CR,3,6,6,S,2,Know safe.,Writer.,TN,63668735.23,248
QF,I,2671,AGO,SEE,Hot.,L,2025-08-26,23:01:58,WANT.,AD,65,30,2,CH,23,4,22,IN,10,10,6,CR,19,3,1,T,8,Pattern.,Sense.,TN,57927507.22,87
QF,D,6816,SUR,PAG,Team,D,2025-01-30,17:49:53,WITH.,AD,19,42,44,CH,7,5,25,IN,3,1,6,CR,9,3,2,R,4,Hospital.,We.,TN,33038792.21,60
QF,D,6564,MOS,HOM,Stop,L,2025-08-12,00:22:26,AIR.,AD,100,36,15,CH,38,14,11,IN,7,2,9,CR,4,9,5,O,8,System.,Money.,TN,7038895.08,331
QF,D,5374,NEE,AGE,Well,L,2025-08-02,19:03:39,TURN.,AD,21,23,23,CH,29,21,5,IN,14,9,4,CR,9,3,9,D,10,Front.,Evidence.,TN,72909053.59,94
QF,D,2779,ME.,THE,Away,D,2025-09-07,13:12:21,MIND.,AD,1,35,39,CH,16,10,0,IN,1,0,7,CR,19,3,8,B,6,Appear.,Project.,TN,59791104.0,389
QF,I,3888,GRO,EVE,Also,L,2025-07-20,12:43:04,GOOD.,AD,52,41,42,CH,39,24,0,IN,10,7,9,CR,10,2,4,K,1,Possible.,Local.,TN,93075161.52,267
QF,I,4140,ANY,CAN,Baby,D,2025-07-20,12:06:51,IT.,AD,89,30,45,CH,8,10,19,IN,6,6,3,CR,12,2,9,S,7,On trial.,His.,TN,37195944.79,349
QF,D,4586,PLA,COS,Left,L,2025-11-05,14:49:29,ROOM.,AD,78,8,11,CH,49,24,9,IN,19,7,4,CR,0,0,2,M,10,Behind.,Future.,TN,57970921.66,419
QF,D,1947,TV.,EVE,End.,L,2025-01-25,06:13:27,FOOT.,AD,25,19,35,CH,5,22,15,IN,19,8,9,CR,11,1,10,A,10,Parent.,Fine.,TN,91230109.57,278
QF,I,7955,HOP,STO,Down,D,2025-01-04,17:28:07,TASK.,AD,22,3,5,CH,16,6,9,IN,14,6,0,CR,7,9,8,F,5,Thus.,Thing.,TN,18476884.95,359
QF,D,3260,MOV,JOI,Half,D,2025-01-12,16:19:25,DARK.,AD,9,47,20,CH,16,14,22,IN,16,2,7,CR,2,3,8,T,2,Hundred.,Doctor.,TN,98036031.57,464
QF,I,3536,OR.,GRO,Bank,D,2025-09-26,02:36:14,BEAT.,AD,68,37,36,CH,4,3,12,IN,17,4,0,CR,1,9,9,W,5,Training.,No free.,TN,12010522.21,434
QF,D,9802,LOO,EAS,I.,D,2025-11-29,02:53:50,LOOK.,AD,3,15,32,CH,20,0,19,IN,6,7,1,CR,15,1,7,A,10,Admit.,Fine ten.,TN,95067184.36,402
QF,I,3560,RED,ON.,Gas.,D,2025-09-02,22:36:33,LOW.,AD,64,35,25,CH,18,10,18,IN,19,5,3,CR,4,0,1,A,1,Including.,Coach.,TN,70590074.53,247
QF,D,4247,EVE,FAR,Me.,L,2025-06-24,12:44:41,FOR.,AD,4,24,10,CH,13,9,3,IN,12,3,6,CR,19,3,3,D,9,Tax three.,Drug much.,TN,31259913.36,493
QF,I,2383,MR.,LAW,Pull,D,2025-04-09,05:36:56,YES.,AD,76,11,32,CH,27,1,4,IN,10,5,1,CR,18,5,1,H,2,Memory.,Seem.,TN,80824896.81,272
QF,I,5058,ANY,NEX,Save,D,2025-10-24,02:07:48,LOSS.,AD,81,20,2,CH,37,25,4,IN,16,10,10,CR,10,8,4,S,6,Across.,Seem.,TN,58039785.78,475
QF,I,6142,LIV,SEN,Down,L,2025-12-30,04:01:55,FEEL.,AD,96,23,36,CH,3,3,22,IN,6,4,2,CR,1,5,0,L,1,By human.,Simple.,TN,97019744.42,497
QF,I,4365,CAR,CEL,Arm.,L,2025-10-28,23:57:25,PAY.,AD,31,30,1,CH,45,11,18,IN,13,9,7,CR,10,3,0,I,8,Kitchen.,Cut wife.,TN,98970106.7,314
QF,I,3483,OFF,LEF,Ball,L,2025-09-30,18:22:26,MUCH.,AD,99,37,24,CH,25,3,15,IN,7,7,3,CR,0,5,9,L,1,Care tree.,Week our.,TN,29295260.3,492
QF,I,9621,PUL,SOO,Look,L,2025-11-16,07:41:13,TASK.,AD,81,33,34,CH,35,19,10,IN,14,4,9,CR,12,5,7,H,3,Think.,Expert.,TN,23901309.7,227
QF,I,1891,MR.,RAC,Fall,D,2025-01-30,23:46:56,WANT.,AD,83,47,29,CH,16,1,3,IN,20,6,5,CR,1,7,9,B,7,Work real.,Owner.,TN,15134435.2,333
QF,I,327,YOU,FEW,Way.,D,2025-03-06,17:12:41,KNOW.,AD,60,29,0,CH,46,10,2,IN,4,6,10,CR,10,2,7,F,10,Wish.,Hundred.,TN,64725966.93,487
QF,D,6856,OIL,GO.,Fire,D,2025-02-26,08:07:13,FOOT.,AD,76,16,30,CH,32,9,17,IN,17,7,3,CR,19,10,7,J,4,Surface.,View bed.,TN,89381564.6,91
QF,I,2490,REA,TOP,Year,D,2025-04-29,07:09:19,JOB.,AD,81,25,12,CH,32,17,13,IN,13,9,6,CR,16,10,0,P,6,But voice.,Whole.,TN,45895580.83,184
QF,D,2393,NO.,FIN,Off.,D,2025-08-14,15:42:47,MEET.,AD,27,33,9,CH,50,6,1,IN,11,1,0,CR,16,2,1,F,3,Find.,Hundred.,TN,47631318.95,62
QF,I,1486,KIN,I.,War.,L,2025-08-23,14:45:36,WIDE.,AD,65,14,47,CH,3,25,23,IN,20,0,9,CR,10,3,10,B,3,Might.,Region.,TN,99589051.03,129
QF,D,1848,WHY,HOL,At.,L,2025-09-07,13:15:31,BOX.,AD,10,21,10,CH,18,22,16,IN,18,6,4,CR,14,1,7,O,3,Cut think.,Today.,TN,81849150.09,351
QF,I,1678,SAM,CAL,Ball,L,2025-08-18,20:41:33,FINE.,AD,69,33,27,CH,12,22,11,IN,20,0,4,CR,16,0,6,G,4,Service.,Others.,TN,23730124.11,183
QF,D,2331,MUS,AWA,Role,D,2025-10-29,18:23:58,FACE.,AD,100,25,35,CH,40,9,6,IN,5,4,9,CR,16,4,5,J,1,Power.,Create.,TN,51519405.51,430
QF,D,8933,FOO,CUP,Fast,L,2025-10-02,02:22:59,HER.,AD,66,34,19,CH,29,16,13,IN,6,3,7,CR,9,10,10,T,10,Rise pull.,Leave can.,TN,76099957.28,191
QF,D,9728,CAR,FEW,Here,D,2025-10-20,04:08:05,GUN.,AD,85,29,48,CH,22,13,15,IN,14,7,3,CR,6,9,2,M,6,Situation.,Happy.,TN,84454172.14,96
QF,I,5345,KID,ASK,Word,D,2025-12-12,05:38:30,GOAL.,AD,71,30,5,CH,28,8,24,IN,6,6,2,CR,9,4,8,D,1,Notice.,Peace arm.,TN,90382656.6,230
QF,I,2767,FOO,GET,Help,D,2025-04-18,21:40:49,WHAT.,AD,3,49,3,CH,12,0,6,IN,11,1,8,CR,0,10,4,O,5,Ok.,Building.,TN,92654924.03,312
QF,D,3232,PIC,WID,Talk,L,2025-03-29,04:54:47,TRY.,AD,23,31,23,CH,39,24,7,IN,14,8,8,CR,14,3,10,Y,8,Onto.,Activity.,TN,78149833.07,301
QF,I,2514,CEL,LIF,Loss,D,2025-08-20,09:34:36,KNOW.,AD,76,1,13,CH,45,19,5,IN,20,4,4,CR,0,5,1,W,6,Standard.,Speak.,TN,28144925.06,215
QF,I,7290,COS,BUT,Gun.,D,2025-10-15,09:55:33,HARD.,AD,34,40,24,CH,36,16,4,IN,3,10,8,CR,10,2,10,R,2,Form.,Project.,TN,57353079.72,230
QF,I,825,OUR,TUR,Ball,L,2025-09-22,21:39:53,THEY.,AD,19,21,37,CH,38,4,21,IN,20,3,3,CR,19,1,5,H,10,Green.,Soldier.,TN,68818047.89,125
QF,D,1678,ROO,TEA,Art.,L,2025-09-14,09:27:56,SOON.,AD,77,42,15,CH,46,25,7,IN,2,1,1,CR,20,3,3,B,6,Police.,Interest.,TN,34706183.37,435
QF,D,5552,KEY,YES,How.,L,2025-08-03,09:30:42,EYE.,AD,89,50,44,CH,14,21,19,IN,20,7,9,CR,17,8,7,T,7,Least.,Teacher.,TN,88181231.77,153
QF,I,8968,EDG,BUT,Sign,L,2025-11-04,11:49:15,WELL.,AD,33,1,3,CH,1,15,2,IN,11,5,4,CR,2,8,3,U,8,Three key.,Along.,TN,31653650.16,372
QF,I,8797,TUR,YOU,Only,D,2025-07-06,10:18:58,IT.,AD,81,48,38,CH,25,24,4,IN,20,5,3,CR,20,3,6,S,4,Answer.,Else.,TN,94811343.2,258
QF,D,8889,MIN,ROC,Case,L,2025-07-23,23:52:15,WISH.,AD,70,0,39,CH,38,3,17,IN,0,7,10,CR,18,2,4,N,10,Pressure.,Control.,TN,5050337.25,409
QF,D,7639,WIN,WE.,Look,L,2025-12-01,00:23:56,SONG.,AD,46,31,29,CH,3,14,16,IN,8,0,9,CR,13,5,9,N,5,Lose many.,Child.,TN,84607602.62,498
QF,I,9439,LIF,YET,None,D,2025-04-05,07:24:11,CITY.,AD,53,40,50,CH,44,11,6,IN,14,7,6,CR,0,4,4,N,4,New put.,Dog.,TN,37250391.99,98
QF,I,1806,MOS,CAR,Guy.,D,2025-06-09,17:03:29,NEAR.,AD,80,50,4,CH,36,8,24,IN,14,2,8,CR,7,0,10,M,1,Foreign.,Board.,TN,63200302.09,387
QF,I,4048,RAC,SEA,Soon,D,2025-04-09,09:21:19,OF.,AD,71,37,22,CH,28,4,2,IN,3,0,6,CR,19,7,0,P,1,Wrong.,Keep.,TN,38768937.33,390
QF,I,7619,ONE,YES,Past,D,2025-08-24,04:11:32,NOT.,AD,16,12,46,CH,9,5,6,IN,15,8,10,CR,12,6,8,S,5,Box that.,Policy.,TN,14812612.97,248
QF,I,4704,WAL,PAS,Safe,D,2025-09-15,05:13:05,MRS.,AD,80,14,27,CH,44,16,18,IN,5,8,9,CR,1,7,0,S,10,Reach.,Decision.,TN,91870795.01,88
QF,D,2076,RUL,TOP,Lose,L,2025-02-02,07:27:26,SEA.,AD,4,13,3,CH,10,15,6,IN,3,0,6,CR,15,5,2,G,6,Control.,Tell.,TN,71697852.56,232
QF,I,5291,LIK,OWN,Song,D,2025-08-10,12:49:25,USE.,AD,44,2,5,CH,14,19,11,IN,10,0,9,CR,15,4,2,A,4,Coach.,Cost.,TN,61465512.68,99
QF,I,3711,HIT,PAS,Sing,D,2025-09-30,23:59:54,HEAR.,AD,99,17,38,CH,12,12,14,IN,17,0,9,CR,17,1,4,M,2,Share.,Hour.,TN,92231873.61,50
QF,I,4269,BOX,LIN,Baby,L,2025-02-04,18:46:40,WIND.,AD,100,14,20,CH,22,18,15,IN,10,0,4,CR,14,4,9,E,1,Hear.,Itself.,TN,62541010.0,470
QF,D,4716,LAY,BAC,Case,L,2025-08-01,13:59:23,RATE.,AD,47,23,49,CH,18,17,6,IN,3,5,4,CR,15,6,7,B,2,Large.,Word back.,TN,37156335.99,399
QF,D,1390,RUL,JOI,Kid.,D,2025-01-14,00:32:15,VIEW.,AD,67,30,25,CH,36,22,11,IN,13,3,1,CR,2,4,9,U,5,Actually.,Probably.,TN,43758170.35,229
QF,I,2395,GUN,RED,For.,L,2025-07-06,01:13:11,YOUR.,AD,37,23,20,CH,46,5,0,IN,0,10,2,CR,15,5,0,H,2,Too low.,Section.,TN,64664643.2,265
QF,I,3121,FAR,THE,Here,D,2025-09-07,20:50:53,EDGE.,AD,46,37,0,CH,10,8,14,IN,9,0,8,CR,2,10,0,M,7,Age year.,Leave.,TN,63339050.49,282
QF,D,9523,WHE,YOU,Land,L,2025-09-25,18:34:39,FILM.,AD,45,10,6,CH,38,18,15,IN,10,1,7,CR,19,9,10,F,9,Grow own.,Action.,TN,23274736.69,299
QF,D,5690,GIR,BIL,Unit,D,2025-09-20,01:24:34,LONG.,AD,77,1,41,CH,39,2,19,IN,7,0,5,CR,6,0,3,T,10,Enter.,Thus.,TN,57810259.77,232
QF,I,5147,RUN,KNO,Stop,D,2025-07-15,17:01:52,CAR.,AD,28,23,15,CH,26,15,7,IN,20,4,3,CR,4,6,5,J,4,Language.,Treatment.,TN,46698790.7,305
QF,D,2533,TAL,VOT,Data,D,2025-01-30,00:41:43,SING.,AD,97,49,49,CH,24,13,23,IN,9,8,1,CR,0,1,3,O,7,Put price.,Worry.,TN,63242396.09,335
QF,D,6011,ALS,SIN,Gas.,D,2025-10-15,20:09:04,CITY.,AD,74,47,11,CH,10,13,10,IN,12,2,0,CR,12,4,4,G,9,Letter.,Need.,TN,80826332.13,59
QF,D,3115,OFF,MOR,Nor.,L,2025-03-06,22:53:54,POOR.,AD,23,26,37,CH,22,5,5,IN,15,4,10,CR,8,6,4,M,7,Article.,Remain.,TN,48231212.49,306
QF,I,5383,OK.,SON,Rock,D,2025-07-10,11:10:54,HER.,AD,74,49,21,CH,13,0,3,IN,15,10,5,CR,16,1,5,P,2,Win beat.,Finish.,TN,45537623.7,313
QF,D,4027,ROO,LIS,So.,D,2025-11-14,15:25:06,FISH.,AD,42,13,38,CH,30,3,5,IN,10,6,5,CR,19,10,9,O,6,Else.,Season.,TN,83154257.03,278
QF,D,9734,JOI,OWN,Hour,D,2025-12-23,17:03:06,VOTE.,AD,55,4,5,CH,47,4,23,IN,20,0,9,CR,0,3,2,W,10,Lawyer my.,Rather.,TN,69783768.91,405
QF,D,240,BIG,PAS,Low.,L,2025-02-13,16:04:53,SO.,AD,36,44,0,CH,15,7,18,IN,20,9,8,CR,2,10,10,T,1,Ahead.,Black.,TN,51128733.07,449
QF,I,6990,TEN,SAF,Top.,L,2025-09-24,19:07:20,ITS.,AD,32,2,44,CH,46,1,5,IN,11,3,7,CR,5,7,4,S,6,Stage.,Four.,TN,46612325.09,378
QF,I,5993,LAS,KNO,Fill,L,2025-02-19,00:30:21,NONE.,AD,63,6,4,CH,6,0,9,IN,8,5,3,CR,12,0,10,D,3,The large.,Tree to.,TN,99847664.18,345
QF,I,2730,TWO,LOS,Foot,D,2025-06-18,11:14:09,LAY.,AD,46,32,11,CH,2,20,8,IN,15,7,4,CR,6,0,0,R,3,Ball.,Hot find.,TN,72406979.46,119
QF,I,6556,HEA,HIG,Leg.,D,2025-09-25,12:48:34,GO.,AD,65,27,10,CH,10,11,15,IN,10,7,0,CR,12,10,2,K,8,Little.,When four.,TN,4449550.17,105
QF,I,6503,WHY,ONL,Whom,D,2025-04-10,17:41:31,FILL.,AD,93,43,11,CH,11,22,10,IN,20,2,1,CR,14,0,10,N,9,List.,Company.,TN,88931754.37,177
QF,I,3460,BAN,DRO,Own.,L,2025-06-19,21:40:49,AGE.,AD,72,0,2,CH,7,23,7,IN,16,0,10,CR,12,3,0,M,7,Thus.,Clearly.,TN,21453567.64,480
QF,D,6600,TUR,THE,Cut.,L,2025-01-23,07:33:45,FUND.,AD,43,20,49,CH,19,9,23,IN,14,5,10,CR,14,7,3,U,1,Whole.,Bit baby.,TN,98854615.56,71
QF,D,9561,WES,MIN,His.,L,2025-05-16,18:09:09,WE.,AD,37,32,1,CH,41,19,13,IN,3,1,6,CR,12,8,1,S,4,Kitchen.,Physical.,TN,44063070.68,445
QF,I,5115,AS.,FIN,Play,D,2025-02-04,13:06:25,EASY.,AD,97,43,19,CH,11,23,4,IN,20,7,4,CR,20,8,10,F,3,Section.,Must.,TN,41809412.6,228
QF,D,2094,BOY,FEE,Then,L,2025-11-19,18:12:30,JUST.,AD,94,38,11,CH,46,5,4,IN,5,5,9,CR,18,9,0,U,3,Certain.,Economic.,TN,21295546.33,276
QF,I,6192,FAS,COS,Find,D,2025-10-08,13:00:10,HOPE.,AD,88,24,4,CH,30,23,11,IN,8,8,8,CR,20,1,3,T,1,Economic.,Million.,TN,95882481.44,65
QF,I,7089,FAL,AWA,Hair,L,2025-04-12,21:58:43,RATE.,AD,97,1,12,CH,22,13,6,IN,20,8,2,CR,2,6,3,S,10,Meeting.,Perhaps.,TN,20997501.14,55
QF,D,9360,ALS,FUN,Fall,L,2025-09-18,13:05:29,ACT.,AD,59,0,18,CH,40,15,16,IN,10,9,1,CR,10,1,0,T,10,Debate.,In dog.,TN,99416674.66,490
QF,D,5920,MR.,BUT,Want,D,2025-05-11,11:50:46,BOOK.,AD,4,38,38,CH,3,16,14,IN,2,7,0,CR,15,8,3,S,4,Decade.,Claim.,TN,98482584.11,224
QF,I,2805,PM.,RUL,Into,L,2025-08-13,23:12:06,RULE.,AD,62,20,33,CH,4,2,15,IN,8,0,9,CR,12,10,0,D,4,Education.,City find.,TN,21016065.36,286
QF,I,4915,TOO,PAS,View,D,2025-06-10,10:47:38,ONLY.,AD,100,27,40,CH,34,6,1,IN,18,9,5,CR,9,10,0,A,4,Us across.,Cold.,TN,69285914.93,449
QF,D,2065,RUL,TUR,Pass,L,2025-05-22,17:40:47,MEET.,AD,1,28,33,CH,16,1,1,IN,10,0,1,CR,16,9,5,R,4,Structure.,Statement.,TN,8993580.15,377
QF,D,8897,I.,LOT,Rich,D,2025-02-21,09:20:45,MAKE.,AD,78,42,26,CH,19,0,13,IN,11,5,0,CR,7,7,1,N,10,Family.,Soon why.,TN,40966810.86,191
QF,I,4041,CAL,FIR,Bag.,D,2025-10-14,17:32:39,WEAR.,AD,57,11,31,CH,4,19,5,IN,15,8,6,CR,13,9,7,C,7,Hit only.,Provide.,TN,82097789.36,188
QF,I,3991,MAY,EAS,Draw,L,2025-11-16,15:02:03,BORN.,AD,92,3,13,CH,1,25,25,IN,4,7,1,CR,10,10,0,S,3,Which.,Pretty.,TN,93393759.42,253
QF,I,8295,PER,WEA,Who.,D,2025-10-02,04:17:01,SUCH.,AD,21,19,17,CH,48,17,19,IN,4,6,7,CR,6,9,8,H,2,Decision.,Model.,TN,98639412.68,175
QF,D,4175,END,TWO,Fill,L,2025-05-20,16:53:32,STOP.,AD,68,2,20,CH,47,21,22,IN,12,1,4,CR,12,2,8,T,6,View grow.,Fill law.,TN,83205218.72,328
QF,D,9661,HOL,BIT,Man.,L,2025-03-04,05:19:18,YES.,AD,51,6,38,CH,24,0,18,IN,2,1,10,CR,16,3,1,T,1,Memory.,Trip.,TN,71228656.12,63
QF,I,3880,NIC,OK.,Wind,D,2025-08-30,05:31:53,FIRM.,AD,56,36,27,CH,1,2,14,IN,2,7,8,CR,17,5,2,F,4,Ok stock.,Yard gun.,TN,29025994.67,498
QF,D,6060,LOT,CAR,That,L,2025-08-16,14:04:47,FACE.,AD,21,7,40,CH,8,12,18,IN,14,3,6,CR,20,0,1,T,4,Shake.,Into far.,TN,50434295.34,98
QF,D,5947,WHE,BAG,Lose,D,2025-02-26,14:34:43,TRIP.,AD,95,42,15,CH,41,7,7,IN,4,6,8,CR,14,6,5,B,8,Author.,Short.,TN,98189678.67,281
QF,I,2902,ONT,FIL,Baby,L,2025-07-14,17:16:05,AWAY.,AD,18,38,24,CH,47,7,15,IN,10,5,2,CR,3,5,0,A,8,Oil.,Paper.,TN,21745001.18,448
QF,I,9220,LIV,STA,Tend,D,2025-03-29,18:19:00,WIFE.,AD,59,32,26,CH,35,10,22,IN,0,2,3,CR,20,7,6,P,6,Family.,Woman.,TN,14502117.02,82
QF,I,3261,PUL,PUT,View,L,2025-11-21,15:05:15,NOTE.,AD,11,32,14,CH,6,9,24,IN,16,7,7,CR,7,6,7,A,5,Data.,Weight.,TN,44238010.64,435
QF,D,609,MAI,LAT,Keep,D,2025-06-04,23:48:21,SEEM.,AD,44,43,0,CH,17,0,8,IN,15,6,0,CR,10,8,7,S,6,Personal.,Day.,TN,32367581.28,127
QF,D,7694,POO,BOD,War.,D,2025-04-04,15:51:55,SAVE.,AD,94,50,10,CH,12,3,13,IN,18,10,10,CR,13,3,5,P,4,Relate.,Bill.,TN,40070302.83,482
QF,I,9051,YEA,EAS,Pick,D,2025-12-05,10:43:53,BABY.,AD,83,45,1,CH,36,1,9,IN,19,6,7,CR,2,0,5,F,8,Cost know.,Company.,TN,56655995.53,180
QF,I,2278,REA,CAR,Face,L,2025-03-06,22:16:34,VOTE.,AD,40,42,24,CH,30,14,2,IN,10,6,8,CR,20,4,0,G,1,Movement.,Whose.,TN,89576525.09,240
QF,I,9644,FIV,FEW,Us.,L,2025-02-15,09:39:40,MY.,AD,59,15,47,CH,46,5,13,IN,13,4,6,CR,15,3,2,B,7,Night.,Amount.,TN,69937600.1,170
QF,D,1292,UNI,STA,What,D,2025-02-14,16:54:16,WEEK.,AD,35,4,38,CH,6,22,20,IN,11,1,4,CR,4,8,0,J,1,Game.,Place.,TN,58578453.82,277
QF,D,1128,CAS,GUY,In.,L,2025-01-12,22:30:58,LOW.,AD,91,47,12,CH,16,16,0,IN,11,1,9,CR,19,8,8,P,9,Expect.,No other.,TN,89418075.22,168
QF,I,406,SAF,HOM,Per.,L,2025-05-10,12:34:52,SEAT.,AD,22,9,7,CH,32,23,10,IN,20,8,5,CR,10,2,2,E,6,Question.,Morning.,TN,60728149.01,74
QF,D,217,THA,CAR,Wait,D,2025-08-06,08:45:52,YARD.,AD,30,31,29,CH,25,15,20,IN,0,10,9,CR,19,2,0,P,2,Ground.,Cell.,TN,17666734.51,238
QF,D,2903,WAY,TWO,Wear,D,2025-04-04,06:26:28,HUGE.,AD,76,1,0,CH,0,18,6,IN,10,4,8,CR,13,1,8,T,7,Role.,Group.,TN,30433487.52,163
QF,D,9385,WAY,GAM,From,L,2025-04-14,20:19:14,ITS.,AD,2,14,34,CH,33,12,9,IN,18,2,3,CR,10,2,1,S,4,Simply.,Might.,TN,69295609.91,359
QF,D,5303,HE.,SOR,They,L,2025-08-04,19:57:39,STEP.,AD,93,8,4,CH,12,4,5,IN,15,6,9,CR,19,6,2,O,8,Cell bag.,Anything.,TN,71141626.53,331
QF,D,4795,HER,HIT,And.,L,2025-05-15,08:49:57,MUST.,AD,17,30,4,CH,2,20,22,IN,6,2,6,CR,19,1,3,T,2,Along.,Point.,TN,85858779.03,387
QF,I,4726,MOV,BAB,Nice,L,2025-11-27,05:56:34,WANT.,AD,55,31,30,CH,32,21,10,IN,13,2,7,CR,0,9,6,U,9,Care hold.,Party.,TN,65218347.14,210
QF,I,8530,BOO,THE,Full,D,2025-06-23,21:19:39,IF.,AD,57,31,38,CH,33,15,14,IN,8,4,1,CR,5,8,3,E,1,Move trip.,Effort.,TN,14032769.53,383
QF,D,3600,FEA,MAN,Try.,L,2025-03-27,14:51:00,HARD.,AD,13,48,7,CH,46,24,5,IN,5,7,8,CR,8,9,10,T,6,Forget.,Race.,TN,35928282.05,487
QF,D,1309,LAT,HER,PM.,L,2025-03-12,10:47:06,DRUG.,AD,11,30,33,CH,31,9,7,IN,9,0,0,CR,18,5,4,B,10,Tough.,Business.,TN,23731180.47,156
QF,I,626,WEE,HE.,Up.,L,2025-03-30,12:28:50,SAY.,AD,29,23,7,CH,7,6,8,IN,6,3,4,CR,3,7,10,M,10,Course.,Who ask.,TN,93183287.95,116
QF,D,2818,ONE,RAT,Thus,D,2025-02-26,20:56:38,AND.,AD,50,4,18,CH,50,11,18,IN,9,8,7,CR,14,4,0,A,10,Pattern.,Several.,TN,70193017.86,178
QF,D,1896,ME.,ART,Thus,L,2025-03-11,04:04:23,BIT.,AD,82,4,4,CH,4,19,4,IN,14,1,2,CR,2,7,2,B,4,Friend.,From.,TN,60764380.85,276
QF,I,9864,BAD,ROC,Try.,D,2025-07-06,14:03:26,WEST.,AD,23,0,48,CH,30,3,19,IN,1,0,1,CR,0,3,10,H,3,Dog.,Soldier.,TN,37889929.04,405
QF,I,3665,HOP,ART,Out.,L,2025-08-02,17:20:50,SING.,AD,28,16,43,CH,3,1,11,IN,12,0,2,CR,7,9,1,H,3,Always.,Upon boy.,TN,21107934.19,179
QF,D,2071,EVE,SHO,Drop,D,2025-07-25,12:09:52,TRUE.,AD,12,24,18,CH,23,14,1,IN,2,10,1,CR,18,5,9,I,1,Man.,Message.,TN,79724864.59,106
QF,D,6764,NOW,FIN,Stop,D,2025-08-28,15:03:25,RULE.,AD,68,6,39,CH,22,3,21,IN,15,2,8,CR,17,9,3,R,1,Send.,Right.,TN,20980744.49,167
QF,D,4329,EYE,HOT,Next,L,2025-07-23,12:20:53,SING.,AD,57,13,26,CH,12,22,25,IN,9,4,10,CR,6,2,1,F,3,Blue term.,Prepare.,TN,73045928.76,403
QF,I,6939,LOS,WIN,Guy.,D,2025-11-24,08:05:31,SET.,AD,23,13,44,CH,16,0,19,IN,6,10,4,CR,13,1,9,S,5,Easy.,Even.,TN,71527859.7,325
QF,I,6510,HOW,TYP,Role,D,2025-04-15,15:52:58,ME.,AD,71,46,26,CH,34,16,3,IN,15,9,10,CR,16,10,3,S,5,Hand.,Never.,TN,26846079.22,76
QF,D,3811,SAM,FOO,Seat,L,2025-11-24,05:01:48,HOLD.,AD,35,22,40,CH,32,23,15,IN,16,9,10,CR,8,2,2,B,9,Level.,Dog call.,TN,25234542.21,400
QF,D,8173,NOR,FIL,Home,L,2025-02-02,02:08:07,PUSH.,AD,82,23,40,CH,43,14,1,IN,15,9,9,CR,8,2,5,M,7,Reveal do.,Education.,TN,80420313.95,392
QF,D,9125,LIV,ROL,Pass,D,2025-07-16,21:57:53,NEAR.,AD,25,38,38,CH,50,14,14,IN,13,8,10,CR,20,2,2,P,2,General.,Marriage.,TN,22745782.73,222
QF,D,5423,TAS,SOO,Even,D,2025-10-30,10:43:18,SUCH.,AD,32,8,42,CH,38,3,9,IN,10,10,2,CR,7,7,7,L,1,The plan.,Despite.,TN,30194349.09,205
QF,I,9574,SAF,FIL,Each,D,2025-12-25,02:12:49,FOUR.,AD,82,12,25,CH,4,11,21,IN,19,7,7,CR,0,9,3,E,7,Believe.,Fine.,TN,41028743.92,258
QF,I,6132,ARE,SIX,Fast,L,2025-03-25,00:46:04,SEND.,AD,38,12,1,CH,34,4,13,IN,6,6,10,CR,17,9,7,S,2,Raise.,Religious.,TN,24956323.61,404
QF,I,4034,DRO,WAI,Feel,L,2025-04-25,07:27:47,ME.,AD,4,13,8,CH,9,21,14,IN,13,1,9,CR,20,5,8,Y,4,Community.,Our.,TN,58857844.96,247
QF,I,7259,WIL,JOI,Film,L,2025-12-04,11:35:11,NO.,AD,27,2,21,CH,23,0,14,IN,8,8,3,CR,18,2,3,R,1,Night.,Man.,TN,52578661.04,469
QF,I,743,SON,SOR,Wait,D,2025-01-26,08:26:42,HIT.,AD,86,34,45,CH,47,16,9,IN,5,7,3,CR,8,2,3,B,5,Account.,Great.,TN,26091604.45,458
QF,I,1394,SOM,PUL,Main,L,2025-01-03,18:12:09,HAND.,AD,16,20,10,CH,3,11,9,IN,16,1,4,CR,19,6,6,W,9,Increase.,Look.,TN,93850848.71,215
QF,D,6595,SEA,WEE,Eat.,D,2025-04-14,22:04:15,PASS.,AD,69,48,42,CH,47,4,1,IN,11,7,1,CR,1,3,9,F,3,Address.,South win.,TN,93951200.77,499
QF,D,790,WHO,WID,Late,D,2025-07-01,15:08:16,LAND.,AD,54,21,6,CH,7,12,13,IN,11,0,1,CR,10,10,5,R,2,Us deep.,Physical.,TN,81853917.15,438
QF,D,5413,WIN,DRA,Hair,D,2025-02-25,03:01:11,SELL.,AD,11,32,7,CH,22,6,10,IN,2,6,9,CR,18,5,7,B,10,Maintain.,Together.,TN,80867127.29,479
QF,I,7630,NEA,WAY,Town,L,2025-06-25,20:03:45,MEAN.,AD,13,42,30,CH,38,21,6,IN,8,5,7,CR,4,5,5,F,6,Rise.,Sit.,TN,44422955.92,276
QF,D,9563,GO.,GIR,Show,L,2025-05-16,23:29:15,WITH.,AD,54,7,44,CH,44,23,17,IN,5,2,4,CR,10,10,10,S,5,Foreign.,Rate.,TN,62141887.13,150
QF,I,4108,FIN,TER,Act.,D,2025-11-06,14:43:58,KEEP.,AD,80,35,42,CH,37,23,5,IN,7,5,3,CR,17,4,7,R,8,Though.,Physical.,TN,92556340.58,425
QF,D,908,SEA,WAL,How.,L,2025-11-13,17:35:48,HAVE.,AD,27,21,21,CH,23,13,2,IN,15,8,6,CR,10,6,5,T,4,Garden.,Specific.,TN,57125289.89,490
QF,D,4219,ACT,SOR,Into,D,2025-12-06,12:59:40,IN.,AD,41,11,25,CH,46,21,2,IN,11,1,4,CR,13,10,9,S,6,His type.,Sit view.,TN,18122490.06,311
QF,I,1194,FOR,ELS,Step,L,2025-05-24,09:52:09,OUR.,AD,77,13,35,CH,6,1,2,IN,1,1,8,CR,17,1,3,L,6,Shoulder.,Day.,TN,96796994.95,445
QF,D,2433,ANY,SEE,Win.,L,2025-02-02,18:40:03,MUST.,AD,5,42,41,CH,42,25,12,IN,4,0,8,CR,9,9,8,B,8,Close.,Wind.,TN,30143130.85,177
QF,I,309,HOM,INT,Tell,L,2025-06-16,00:59:28,CITY.,AD,6,21,29,CH,10,9,1,IN,7,1,1,CR,8,5,8,S,1,Move.,Visit.,TN,35303714.4,138
QF,I,5373,UP.,PIC,Bar.,L,2025-10-23,10:19:35,ANY.,AD,84,3,17,CH,11,21,3,IN,13,7,1,CR,3,10,8,H,10,Pretty.,Exist.,TN,75111006.99,390
QF,D,4254,SIZ,MR.,Tree,D,2025-10-05,23:55:15,MANY.,AD,86,40,25,CH,5,1,11,IN,6,10,10,CR,9,4,0,S,9,Her.,Choice.,TN,54612698.85,107
QF,D,576,CAN,BAS,Many,L,2025-02-19,08:49:23,BUY.,AD,11,47,2,CH,5,17,24,IN,16,0,0,CR,7,3,0,S,8,Eight.,Society.,TN,2536989.6,240
QF,D,4448,SON,KEY,Part,D,2025-06-23,10:50:28,PUSH.,AD,96,22,40,CH,14,1,23,IN,2,4,8,CR,17,4,4,H,9,Evidence.,Beat.,TN,94136469.17,146
QF,D,5688,HIT,FEW,The.,L,2025-11-25,15:25:04,DEEP.,AD,75,2,24,CH,25,13,15,IN,10,6,0,CR,16,3,3,I,10,Thus.,Modern.,TN,67301037.3,491
QF,D,7214,PUS,LAW,Upon,D,2025-09-07,16:17:54,BORN.,AD,30,39,16,CH,7,24,4,IN,18,10,0,CR,10,9,9,A,7,Second.,Success.,TN,68289600.68,353
QF,D,6180,PAY,FEA,Pass,L,2025-08-21,13:31:25,ALSO.,AD,90,20,9,CH,50,6,19,IN,18,6,6,CR,16,5,3,S,2,Month war.,Beat oil.,TN,74179941.36,204
QF,D,8519,FUN,WAL,Win.,L,2025-06-22,22:04:55,LOT.,AD,8,9,5,CH,23,13,15,IN,8,10,7,CR,20,0,4,F,3,Lawyer.,Learn.,TN,50137750.82,74
QF,I,4632,MR.,REA,Best,D,2025-08-18,08:29:45,UPON.,AD,17,34,20,CH,8,13,8,IN,9,9,9,CR,20,5,3,H,10,Green.,Page.,TN,39021470.92,240
QF,D,9547,WIL,ELS,Top.,L,2025-06-12,03:34:33,BACK.,AD,32,11,26,CH,8,25,7,IN,9,3,3,CR,13,6,10,F,7,Free then.,Go.,TN,37026412.32,422
QF,I,467,FIN,RED,Us.,D,2025-02-07,13:13:03,BE.,AD,6,18,0,CH,12,16,0,IN,2,7,9,CR,12,7,9,T,3,Choose.,His.,TN,14337921.82,392
QF,I,133,ELS,GUN,Song,L,2025-09-28,14:28:35,AIR.,AD,22,48,43,CH,45,0,13,IN,4,2,1,CR,15,5,3,O,10,Summer.,Local.,TN,37369461.41,261
QF,I,4836,ITE,SEA,High,D,2025-05-17,01:56:45,WELL.,AD,40,15,5,CH,45,10,7,IN,2,6,7,CR,19,6,10,A,5,Important.,Beautiful.,TN,87848247.95,329
QF,I,6515,KNO,BAS,War.,L,2025-04-08,20:35:39,DROP.,AD,54,44,19,CH,47,3,13,IN,5,10,4,CR,8,5,5,H,1,Argue.,Likely.,TN,45566830.32,61
QF,D,8251,JOB,BAC,Have,D,2025-03-31,01:03:24,ON.,AD,95,15,43,CH,14,18,11,IN,17,10,9,CR,13,8,7,B,3,Tax if.,By.,TN,35529759.26,126
QF,D,565,WAL,CAS,Us.,D,2025-09-19,18:21:49,NOW.,AD,50,10,15,CH,35,4,2,IN,10,1,5,CR,8,2,2,N,5,Writer.,Mr.,TN,13488205.38,380
QF,D,7539,ON.,KNO,Use.,L,2025-07-05,23:38:31,CAN.,AD,16,39,46,CH,11,18,21,IN,15,5,4,CR,10,9,6,F,7,Answer.,Money.,TN,1614325.7,217
QF,I,7426,LON,PER,Body,L,2025-01-12,16:12:55,PART.,AD,23,45,22,CH,9,14,17,IN,4,6,6,CR,19,5,4,S,2,Share.,Design.,TN,54623759.79,241
QF,I,8429,MR.,THA,Name,D,2025-08-19,01:54:27,SIZE.,AD,38,6,14,CH,39,8,15,IN,16,9,3,CR,9,8,7,W,7,Reach box.,Writer.,TN,11027373.57,361
QF,I,9999,PM.,TO.,Hour,D,2025-10-12,16:16:32,BE.,AD,2,2,41,CH,35,8,10,IN,0,8,10,CR,11,1,4,T,7,Actually.,Reality.,TN,5674990.64,456
QF,D,1555,HIS,FAC,Road,L,2025-04-27,22:31:17,SIGN.,AD,42,33,18,CH,33,20,9,IN,8,5,1,CR,15,1,6,A,9,It church.,Beautiful.,TN,65461071.6,493
QF,D,4244,OF.,TO.,Son.,L,2025-11-04,06:30:08,HIS.,AD,35,17,50,CH,22,22,1,IN,8,4,0,CR,3,2,6,I,6,Entire a.,If hair.,TN,33165987.44,68
QF,I,8139,MRS,THU,Him.,D,2025-02-19,14:36:13,OIL.,AD,87,38,40,CH,17,3,19,IN,12,4,6,CR,17,6,3,Y,9,Station.,Also.,TN,44690754.21,446
QF,D,3701,THU,BE.,Bad.,L,2025-10-21,03:57:12,LAY.,AD,65,49,26,CH,21,13,3,IN,14,10,0,CR,10,3,0,S,4,Decide.,Too head.,TN,15839947.76,161
